task_group,task_id,experiment,method_id,method_label,trial_row_index,trial_index,participant,choice_index,ground_truth_choice,trial_nll,has_history,num_history_choices,dataset_label_in_json,source_type,source_file,source_prompt_file,prompt_participant,mapped_choice_index,mapped_choice
Wu_spatial,wu2018generalisation_exp1,exp1,context_free_centaur,Context-free Centaur,0,0,47,0,20,3.296875,False,0,History-Only,json,context_free_eval/wu2018generalisation_exp1_context_free_results.json,,,,
Wu_spatial,wu2018generalisation_exp1,exp1,context_free_centaur,Context-free Centaur,1,1,47,1,22,3.265625,True,1,History-Only,json,context_free_eval/wu2018generalisation_exp1_context_free_results.json,,,,
Wu_spatial,wu2018generalisation_exp1,exp1,context_free_centaur,Context-free Centaur,2,2,47,2,23,1.9765625,True,2,History-Only,json,context_free_eval/wu2018generalisation_exp1_context_free_results.json,,,,
Wu_spatial,wu2018generalisation_exp1,exp1,context_free_centaur,Context-free Centaur,3,3,47,3,24,0.87890625,True,3,History-Only,json,context_free_eval/wu2018generalisation_exp1_context_free_results.json,,,,
Wu_spatial,wu2018generalisation_exp1,exp1,context_free_centaur,Context-free Centaur,4,4,47,4,25,0.41796875,True,4,History-Only,json,context_free_eval/wu2018generalisation_exp1_context_free_results.json,,,,
Wu_spatial,wu2018generalisation_exp1,exp1,context_free_centaur,Context-free Centaur,5,5,47,5,28,4.59375,True,5,History-Only,json,context_free_eval/wu2018generalisation_exp1_context_free_results.json,,,,
Wu_spatial,wu2018generalisation_exp1,exp1,context_free_centaur,Context-free Centaur,6,6,47,6,7,5.46875,True,6,History-Only,json,context_free_eval/wu2018generalisation_exp1_context_free_results.json,,,,
Wu_spatial,wu2018generalisation_exp1,exp1,context_free_centaur,Context-free Centaur,7,7,47,7,10,2.984375,True,7,History-Only,json,context_free_eval/wu2018generalisation_exp1_context_free_results.json,,,,
Wu_spatial,wu2018generalisation_exp1,exp1,context_free_centaur,Context-free Centaur,8,8,47,8,3,3.296875,True,8,History-Only,json,context_free_eval/wu2018generalisation_exp1_context_free_results.json,,,,
Wu_spatial,wu2018generalisation_exp1,exp1,context_free_centaur,Context-free Centaur,9,9,47,9,6,3.1875,True,9,History-Only,json,context_free_eval/wu2018generalisation_exp1_context_free_results.json,,,,
Wu_spatial,wu2018generalisation_exp1,exp1,context_free_centaur,Context-free Centaur,10,10,47,10,12,3.28125,True,10,History-Only,json,context_free_eval/wu2018generalisation_exp1_context_free_results.json,,,,
Wu_spatial,wu2018generalisation_exp1,exp1,context_free_centaur,Context-free Centaur,11,11,47,11,10,3.15625,True,11,History-Only,json,context_free_eval/wu2018generalisation_exp1_context_free_results.json,,,,
Wu_spatial,wu2018generalisation_exp1,exp1,context_free_centaur,Context-free Centaur,12,12,47,12,9,1.921875,True,12,History-Only,json,context_free_eval/wu2018generalisation_exp1_context_free_results.json,,,,
Wu_spatial,wu2018generalisation_exp1,exp1,context_free_centaur,Context-free Centaur,13,13,47,13,7,2.21875,True,13,History-Only,json,context_free_eval/wu2018generalisation_exp1_context_free_results.json,,,,
Wu_spatial,wu2018generalisation_exp1,exp1,context_free_centaur,Context-free Centaur,14,14,47,14,10,4.9375,True,14,History-Only,json,context_free_eval/wu2018generalisation_exp1_context_free_results.json,,,,
Wu_spatial,wu2018generalisation_exp1,exp1,context_free_centaur,Context-free Centaur,15,15,47,15,18,3.21875,True,15,History-Only,json,context_free_eval/wu2018generalisation_exp1_context_free_results.json,,,,
Wu_spatial,wu2018generalisation_exp1,exp1,context_free_centaur,Context-free Centaur,16,16,47,16,8,4.625,True,16,History-Only,json,context_free_eval/wu2018generalisation_exp1_context_free_results.json,,,,
Wu_spatial,wu2018generalisation_exp1,exp1,context_free_centaur,Context-free Centaur,17,17,47,17,11,3.171875,True,17,History-Only,json,context_free_eval/wu2018generalisation_exp1_context_free_results.json,,,,
Wu_spatial,wu2018generalisation_exp1,exp1,context_free_centaur,Context-free Centaur,18,18,47,18,15,2.890625,True,18,History-Only,json,context_free_eval/wu2018generalisation_exp1_context_free_results.json,,,,
Wu_spatial,wu2018generalisation_exp1,exp1,context_free_centaur,Context-free Centaur,19,19,47,19,14,2.625,True,19,History-Only,json,context_free_eval/wu2018generalisation_exp1_context_free_results.json,,,,
Wu_spatial,wu2018generalisation_exp1,exp1,context_free_centaur,Context-free Centaur,20,20,47,20,17,2.890625,True,20,History-Only,json,context_free_eval/wu2018generalisation_exp1_context_free_results.json,,,,
Wu_spatial,wu2018generalisation_exp1,exp1,context_free_centaur,Context-free Centaur,21,21,47,21,16,2.296875,True,21,History-Only,json,context_free_eval/wu2018generalisation_exp1_context_free_results.json,,,,
Wu_spatial,wu2018generalisation_exp1,exp1,context_free_centaur,Context-free Centaur,22,22,47,22,21,3.359375,True,22,History-Only,json,context_free_eval/wu2018generalisation_exp1_context_free_results.json,,,,
Wu_spatial,wu2018generalisation_exp1,exp1,context_free_centaur,Context-free Centaur,23,23,47,23,24,2.625,True,23,History-Only,json,context_free_eval/wu2018generalisation_exp1_context_free_results.json,,,,
Wu_spatial,wu2018generalisation_exp1,exp1,context_free_centaur,Context-free Centaur,24,24,47,24,25,1.8671875,True,24,History-Only,json,context_free_eval/wu2018generalisation_exp1_context_free_results.json,,,,
Wu_spatial,wu2018generalisation_exp1,exp1,context_free_centaur,Context-free Centaur,25,25,47,25,21,3.5,True,25,History-Only,json,context_free_eval/wu2018generalisation_exp1_context_free_results.json,,,,
Wu_spatial,wu2018generalisation_exp1,exp1,context_free_centaur,Context-free Centaur,26,26,47,26,12,3.71875,True,26,History-Only,json,context_free_eval/wu2018generalisation_exp1_context_free_results.json,,,,
Wu_spatial,wu2018generalisation_exp1,exp1,context_free_centaur,Context-free Centaur,27,27,47,27,10,2.53125,True,27,History-Only,json,context_free_eval/wu2018generalisation_exp1_context_free_results.json,,,,
Wu_spatial,wu2018generalisation_exp1,exp1,context_free_centaur,Context-free Centaur,28,28,47,28,8,2.140625,True,28,History-Only,json,context_free_eval/wu2018generalisation_exp1_context_free_results.json,,,,
Wu_spatial,wu2018generalisation_exp1,exp1,context_free_centaur,Context-free Centaur,29,29,47,29,15,3.359375,True,29,History-Only,json,context_free_eval/wu2018generalisation_exp1_context_free_results.json,,,,
Wu_spatial,wu2018generalisation_exp1,exp1,context_free_centaur,Context-free Centaur,30,30,47,30,15,3.046875,True,30,History-Only,json,context_free_eval/wu2018generalisation_exp1_context_free_results.json,,,,
Wu_spatial,wu2018generalisation_exp1,exp1,context_free_centaur,Context-free Centaur,31,31,47,31,10,3.046875,True,31,History-Only,json,context_free_eval/wu2018generalisation_exp1_context_free_results.json,,,,
Wu_spatial,wu2018generalisation_exp1,exp1,context_free_centaur,Context-free Centaur,32,32,47,32,9,2.3125,True,32,History-Only,json,context_free_eval/wu2018generalisation_exp1_context_free_results.json,,,,
Wu_spatial,wu2018generalisation_exp1,exp1,context_free_centaur,Context-free Centaur,33,33,47,33,25,5.125,True,33,History-Only,json,context_free_eval/wu2018generalisation_exp1_context_free_results.json,,,,
Wu_spatial,wu2018generalisation_exp1,exp1,context_free_centaur,Context-free Centaur,34,34,47,34,28,3.1875,True,34,History-Only,json,context_free_eval/wu2018generalisation_exp1_context_free_results.json,,,,
Wu_spatial,wu2018generalisation_exp1,exp1,context_free_centaur,Context-free Centaur,35,35,47,35,26,2.359375,True,35,History-Only,json,context_free_eval/wu2018generalisation_exp1_context_free_results.json,,,,
Wu_spatial,wu2018generalisation_exp1,exp1,context_free_centaur,Context-free Centaur,36,36,47,36,24,1.96875,True,36,History-Only,json,context_free_eval/wu2018generalisation_exp1_context_free_results.json,,,,
Wu_spatial,wu2018generalisation_exp1,exp1,context_free_centaur,Context-free Centaur,37,37,47,37,22,1.7421875,True,37,History-Only,json,context_free_eval/wu2018generalisation_exp1_context_free_results.json,,,,
Wu_spatial,wu2018generalisation_exp1,exp1,context_free_centaur,Context-free Centaur,38,38,47,38,20,1.3125,True,38,History-Only,json,context_free_eval/wu2018generalisation_exp1_context_free_results.json,,,,
Wu_spatial,wu2018generalisation_exp1,exp1,context_free_centaur,Context-free Centaur,39,39,47,39,18,1.015625,True,39,History-Only,json,context_free_eval/wu2018generalisation_exp1_context_free_results.json,,,,
Wu_spatial,wu2018generalisation_exp1,exp1,context_free_centaur,Context-free Centaur,40,40,47,40,16,2.953125,True,40,History-Only,json,context_free_eval/wu2018generalisation_exp1_context_free_results.json,,,,
Wu_spatial,wu2018generalisation_exp1,exp1,context_free_centaur,Context-free Centaur,41,41,47,41,19,3.296875,True,41,History-Only,json,context_free_eval/wu2018generalisation_exp1_context_free_results.json,,,,
Wu_spatial,wu2018generalisation_exp1,exp1,context_free_centaur,Context-free Centaur,42,42,47,42,21,2.03125,True,42,History-Only,json,context_free_eval/wu2018generalisation_exp1_context_free_results.json,,,,
Wu_spatial,wu2018generalisation_exp1,exp1,context_free_centaur,Context-free Centaur,43,43,47,43,20,2.953125,True,43,History-Only,json,context_free_eval/wu2018generalisation_exp1_context_free_results.json,,,,
Wu_spatial,wu2018generalisation_exp1,exp1,context_free_centaur,Context-free Centaur,44,44,47,44,17,2.375,True,44,History-Only,json,context_free_eval/wu2018generalisation_exp1_context_free_results.json,,,,
Wu_spatial,wu2018generalisation_exp1,exp1,context_free_centaur,Context-free Centaur,45,45,47,45,17,2.75,True,45,History-Only,json,context_free_eval/wu2018generalisation_exp1_context_free_results.json,,,,
Wu_spatial,wu2018generalisation_exp1,exp1,context_free_centaur,Context-free Centaur,46,46,47,46,20,2.640625,True,46,History-Only,json,context_free_eval/wu2018generalisation_exp1_context_free_results.json,,,,
Wu_spatial,wu2018generalisation_exp1,exp1,context_free_centaur,Context-free Centaur,47,47,47,47,12,4.375,True,47,History-Only,json,context_free_eval/wu2018generalisation_exp1_context_free_results.json,,,,
Wu_spatial,wu2018generalisation_exp1,exp1,context_free_centaur,Context-free Centaur,48,48,47,48,11,2.015625,True,48,History-Only,json,context_free_eval/wu2018generalisation_exp1_context_free_results.json,,,,
Wu_spatial,wu2018generalisation_exp1,exp1,context_free_centaur,Context-free Centaur,49,49,47,49,13,2.578125,True,49,History-Only,json,context_free_eval/wu2018generalisation_exp1_context_free_results.json,,,,
Wu_spatial,wu2018generalisation_exp1,exp1,context_free_centaur,Context-free Centaur,50,50,47,50,14,1.515625,True,50,History-Only,json,context_free_eval/wu2018generalisation_exp1_context_free_results.json,,,,
Wu_spatial,wu2018generalisation_exp1,exp1,context_free_centaur,Context-free Centaur,51,51,47,51,15,1.03125,True,51,History-Only,json,context_free_eval/wu2018generalisation_exp1_context_free_results.json,,,,
Wu_spatial,wu2018generalisation_exp1,exp1,context_free_centaur,Context-free Centaur,52,52,47,52,10,2.859375,True,52,History-Only,json,context_free_eval/wu2018generalisation_exp1_context_free_results.json,,,,
Wu_spatial,wu2018generalisation_exp1,exp1,context_free_centaur,Context-free Centaur,53,53,47,53,4,4.53125,True,53,History-Only,json,context_free_eval/wu2018generalisation_exp1_context_free_results.json,,,,
Wu_spatial,wu2018generalisation_exp1,exp1,context_free_centaur,Context-free Centaur,54,54,47,54,2,2.125,True,54,History-Only,json,context_free_eval/wu2018generalisation_exp1_context_free_results.json,,,,
Wu_spatial,wu2018generalisation_exp1,exp1,context_free_centaur,Context-free Centaur,55,55,47,55,16,2.96875,True,55,History-Only,json,context_free_eval/wu2018generalisation_exp1_context_free_results.json,,,,
Wu_spatial,wu2018generalisation_exp1,exp1,context_free_centaur,Context-free Centaur,56,56,47,56,17,1.890625,True,56,History-Only,json,context_free_eval/wu2018generalisation_exp1_context_free_results.json,,,,
Wu_spatial,wu2018generalisation_exp1,exp1,context_free_centaur,Context-free Centaur,57,57,47,57,15,1.9765625,True,57,History-Only,json,context_free_eval/wu2018generalisation_exp1_context_free_results.json,,,,
Wu_spatial,wu2018generalisation_exp1,exp1,context_free_centaur,Context-free Centaur,58,58,47,58,13,2.21875,True,58,History-Only,json,context_free_eval/wu2018generalisation_exp1_context_free_results.json,,,,
Wu_spatial,wu2018generalisation_exp1,exp1,context_free_centaur,Context-free Centaur,59,59,47,59,14,2.015625,True,59,History-Only,json,context_free_eval/wu2018generalisation_exp1_context_free_results.json,,,,
Wu_spatial,wu2018generalisation_exp1,exp1,context_free_centaur,Context-free Centaur,60,60,47,60,11,3.28125,True,60,History-Only,json,context_free_eval/wu2018generalisation_exp1_context_free_results.json,,,,
Wu_spatial,wu2018generalisation_exp1,exp1,context_free_centaur,Context-free Centaur,61,61,47,61,7,3.53125,True,61,History-Only,json,context_free_eval/wu2018generalisation_exp1_context_free_results.json,,,,
Wu_spatial,wu2018generalisation_exp1,exp1,context_free_centaur,Context-free Centaur,62,62,47,62,5,2.328125,True,62,History-Only,json,context_free_eval/wu2018generalisation_exp1_context_free_results.json,,,,
Wu_spatial,wu2018generalisation_exp1,exp1,context_free_centaur,Context-free Centaur,63,63,47,63,10,3.09375,True,63,History-Only,json,context_free_eval/wu2018generalisation_exp1_context_free_results.json,,,,
Wu_spatial,wu2018generalisation_exp1,exp1,context_free_centaur,Context-free Centaur,64,64,47,64,7,4.21875,True,64,History-Only,json,context_free_eval/wu2018generalisation_exp1_context_free_results.json,,,,
Wu_spatial,wu2018generalisation_exp1,exp1,context_free_centaur,Context-free Centaur,65,65,47,65,7,3.171875,True,65,History-Only,json,context_free_eval/wu2018generalisation_exp1_context_free_results.json,,,,
Wu_spatial,wu2018generalisation_exp1,exp1,context_free_centaur,Context-free Centaur,66,66,47,66,6,1.921875,True,66,History-Only,json,context_free_eval/wu2018generalisation_exp1_context_free_results.json,,,,
Wu_spatial,wu2018generalisation_exp1,exp1,context_free_centaur,Context-free Centaur,67,67,47,67,9,2.671875,True,67,History-Only,json,context_free_eval/wu2018generalisation_exp1_context_free_results.json,,,,
Wu_spatial,wu2018generalisation_exp1,exp1,context_free_centaur,Context-free Centaur,68,68,47,68,8,1.4140625,True,68,History-Only,json,context_free_eval/wu2018generalisation_exp1_context_free_results.json,,,,
Wu_spatial,wu2018generalisation_exp1,exp1,context_free_centaur,Context-free Centaur,69,69,47,69,4,2.640625,True,69,History-Only,json,context_free_eval/wu2018generalisation_exp1_context_free_results.json,,,,
Wu_spatial,wu2018generalisation_exp1,exp1,context_free_centaur,Context-free Centaur,70,70,47,70,10,2.75,True,70,History-Only,json,context_free_eval/wu2018generalisation_exp1_context_free_results.json,,,,
Wu_spatial,wu2018generalisation_exp1,exp1,context_free_centaur,Context-free Centaur,71,71,47,71,7,2.59375,True,71,History-Only,json,context_free_eval/wu2018generalisation_exp1_context_free_results.json,,,,
Wu_spatial,wu2018generalisation_exp1,exp1,context_free_centaur,Context-free Centaur,72,72,47,72,5,2.171875,True,72,History-Only,json,context_free_eval/wu2018generalisation_exp1_context_free_results.json,,,,
Wu_spatial,wu2018generalisation_exp1,exp1,context_free_centaur,Context-free Centaur,73,73,47,73,4,1.7265625,True,73,History-Only,json,context_free_eval/wu2018generalisation_exp1_context_free_results.json,,,,
Wu_spatial,wu2018generalisation_exp1,exp1,context_free_centaur,Context-free Centaur,74,74,47,74,12,3.21875,True,74,History-Only,json,context_free_eval/wu2018generalisation_exp1_context_free_results.json,,,,
Wu_spatial,wu2018generalisation_exp1,exp1,context_free_centaur,Context-free Centaur,75,75,47,75,11,2.671875,True,75,History-Only,json,context_free_eval/wu2018generalisation_exp1_context_free_results.json,,,,
Wu_spatial,wu2018generalisation_exp1,exp1,context_free_centaur,Context-free Centaur,76,76,47,76,7,2.5,True,76,History-Only,json,context_free_eval/wu2018generalisation_exp1_context_free_results.json,,,,
Wu_spatial,wu2018generalisation_exp1,exp1,context_free_centaur,Context-free Centaur,77,77,47,77,5,1.609375,True,77,History-Only,json,context_free_eval/wu2018generalisation_exp1_context_free_results.json,,,,
Wu_spatial,wu2018generalisation_exp1,exp1,context_free_centaur,Context-free Centaur,78,78,47,78,1,4.75,True,78,History-Only,json,context_free_eval/wu2018generalisation_exp1_context_free_results.json,,,,
Wu_spatial,wu2018generalisation_exp1,exp1,context_free_centaur,Context-free Centaur,79,79,47,79,4,2.359375,True,79,History-Only,json,context_free_eval/wu2018generalisation_exp1_context_free_results.json,,,,
Wu_spatial,wu2018generalisation_exp1,exp1,context_free_centaur,Context-free Centaur,80,80,47,80,9,3.0,True,80,History-Only,json,context_free_eval/wu2018generalisation_exp1_context_free_results.json,,,,
Wu_spatial,wu2018generalisation_exp1,exp1,context_free_centaur,Context-free Centaur,81,81,47,81,11,2.640625,True,81,History-Only,json,context_free_eval/wu2018generalisation_exp1_context_free_results.json,,,,
Wu_spatial,wu2018generalisation_exp1,exp1,context_free_centaur,Context-free Centaur,82,82,47,82,10,2.15625,True,82,History-Only,json,context_free_eval/wu2018generalisation_exp1_context_free_results.json,,,,
Wu_spatial,wu2018generalisation_exp1,exp1,context_free_centaur,Context-free Centaur,83,83,47,83,8,1.890625,True,83,History-Only,json,context_free_eval/wu2018generalisation_exp1_context_free_results.json,,,,
Wu_spatial,wu2018generalisation_exp1,exp1,context_free_centaur,Context-free Centaur,84,84,47,84,11,4.40625,True,84,History-Only,json,context_free_eval/wu2018generalisation_exp1_context_free_results.json,,,,
Wu_spatial,wu2018generalisation_exp1,exp1,context_free_centaur,Context-free Centaur,85,85,47,85,13,2.65625,True,85,History-Only,json,context_free_eval/wu2018generalisation_exp1_context_free_results.json,,,,
Wu_spatial,wu2018generalisation_exp1,exp1,context_free_centaur,Context-free Centaur,86,86,47,86,15,2.5,True,86,History-Only,json,context_free_eval/wu2018generalisation_exp1_context_free_results.json,,,,
Wu_spatial,wu2018generalisation_exp1,exp1,context_free_centaur,Context-free Centaur,87,87,47,87,10,3.8125,True,87,History-Only,json,context_free_eval/wu2018generalisation_exp1_context_free_results.json,,,,
Wu_spatial,wu2018generalisation_exp1,exp1,context_free_centaur,Context-free Centaur,88,88,47,88,12,2.671875,True,88,History-Only,json,context_free_eval/wu2018generalisation_exp1_context_free_results.json,,,,
Wu_spatial,wu2018generalisation_exp1,exp1,context_free_centaur,Context-free Centaur,89,89,47,89,10,2.90625,True,89,History-Only,json,context_free_eval/wu2018generalisation_exp1_context_free_results.json,,,,
Wu_spatial,wu2018generalisation_exp1,exp1,context_free_centaur,Context-free Centaur,90,90,47,90,13,2.46875,True,90,History-Only,json,context_free_eval/wu2018generalisation_exp1_context_free_results.json,,,,
Wu_spatial,wu2018generalisation_exp1,exp1,context_free_centaur,Context-free Centaur,91,91,47,91,15,2.03125,True,91,History-Only,json,context_free_eval/wu2018generalisation_exp1_context_free_results.json,,,,
Wu_spatial,wu2018generalisation_exp1,exp1,context_free_centaur,Context-free Centaur,92,92,47,92,17,2.109375,True,92,History-Only,json,context_free_eval/wu2018generalisation_exp1_context_free_results.json,,,,
Wu_spatial,wu2018generalisation_exp1,exp1,context_free_centaur,Context-free Centaur,93,93,47,93,19,2.203125,True,93,History-Only,json,context_free_eval/wu2018generalisation_exp1_context_free_results.json,,,,
Wu_spatial,wu2018generalisation_exp1,exp1,context_free_centaur,Context-free Centaur,94,94,47,94,18,1.4609375,True,94,History-Only,json,context_free_eval/wu2018generalisation_exp1_context_free_results.json,,,,
Wu_spatial,wu2018generalisation_exp1,exp1,context_free_centaur,Context-free Centaur,95,95,47,95,16,1.1484375,True,95,History-Only,json,context_free_eval/wu2018generalisation_exp1_context_free_results.json,,,,
Wu_spatial,wu2018generalisation_exp1,exp1,context_free_centaur,Context-free Centaur,96,96,47,96,14,0.96484375,True,96,History-Only,json,context_free_eval/wu2018generalisation_exp1_context_free_results.json,,,,
Wu_spatial,wu2018generalisation_exp1,exp1,context_free_centaur,Context-free Centaur,97,97,47,97,21,3.8125,True,97,History-Only,json,context_free_eval/wu2018generalisation_exp1_context_free_results.json,,,,
Wu_spatial,wu2018generalisation_exp1,exp1,context_free_centaur,Context-free Centaur,98,98,47,98,24,2.234375,True,98,History-Only,json,context_free_eval/wu2018generalisation_exp1_context_free_results.json,,,,
Wu_spatial,wu2018generalisation_exp1,exp1,context_free_centaur,Context-free Centaur,99,99,47,99,26,1.7421875,True,99,History-Only,json,context_free_eval/wu2018generalisation_exp1_context_free_results.json,,,,
Wu_spatial,wu2018generalisation_exp1,exp1,context_free_centaur,Context-free Centaur,100,100,47,100,13,2.453125,True,100,History-Only,json,context_free_eval/wu2018generalisation_exp1_context_free_results.json,,,,
Wu_spatial,wu2018generalisation_exp1,exp1,context_free_centaur,Context-free Centaur,101,101,47,101,11,2.328125,True,101,History-Only,json,context_free_eval/wu2018generalisation_exp1_context_free_results.json,,,,
Wu_spatial,wu2018generalisation_exp1,exp1,context_free_centaur,Context-free Centaur,102,102,47,102,10,1.2265625,True,102,History-Only,json,context_free_eval/wu2018generalisation_exp1_context_free_results.json,,,,
Wu_spatial,wu2018generalisation_exp1,exp1,context_free_centaur,Context-free Centaur,103,103,47,103,9,1.1015625,True,103,History-Only,json,context_free_eval/wu2018generalisation_exp1_context_free_results.json,,,,
Wu_spatial,wu2018generalisation_exp1,exp1,context_free_centaur,Context-free Centaur,104,104,47,104,8,1.078125,True,104,History-Only,json,context_free_eval/wu2018generalisation_exp1_context_free_results.json,,,,
Wu_spatial,wu2018generalisation_exp1,exp1,context_free_centaur,Context-free Centaur,105,105,47,105,13,2.0625,True,105,History-Only,json,context_free_eval/wu2018generalisation_exp1_context_free_results.json,,,,
Wu_spatial,wu2018generalisation_exp1,exp1,context_free_centaur,Context-free Centaur,106,106,47,106,15,1.8515625,True,106,History-Only,json,context_free_eval/wu2018generalisation_exp1_context_free_results.json,,,,
Wu_spatial,wu2018generalisation_exp1,exp1,context_free_centaur,Context-free Centaur,107,107,47,107,17,1.359375,True,107,History-Only,json,context_free_eval/wu2018generalisation_exp1_context_free_results.json,,,,
Wu_spatial,wu2018generalisation_exp1,exp1,context_free_centaur,Context-free Centaur,108,108,47,108,18,1.5,True,108,History-Only,json,context_free_eval/wu2018generalisation_exp1_context_free_results.json,,,,
Wu_spatial,wu2018generalisation_exp1,exp1,context_free_centaur,Context-free Centaur,109,109,47,109,21,3.625,True,109,History-Only,json,context_free_eval/wu2018generalisation_exp1_context_free_results.json,,,,
Wu_spatial,wu2018generalisation_exp1,exp1,context_free_centaur,Context-free Centaur,110,110,47,110,16,4.125,True,110,History-Only,json,context_free_eval/wu2018generalisation_exp1_context_free_results.json,,,,
Wu_spatial,wu2018generalisation_exp1,exp1,context_free_centaur,Context-free Centaur,111,111,47,111,19,2.453125,True,111,History-Only,json,context_free_eval/wu2018generalisation_exp1_context_free_results.json,,,,
Wu_spatial,wu2018generalisation_exp1,exp1,context_free_centaur,Context-free Centaur,112,112,47,112,21,3.46875,True,112,History-Only,json,context_free_eval/wu2018generalisation_exp1_context_free_results.json,,,,
Wu_spatial,wu2018generalisation_exp1,exp1,context_free_centaur,Context-free Centaur,113,113,47,113,22,1.7578125,True,113,History-Only,json,context_free_eval/wu2018generalisation_exp1_context_free_results.json,,,,
Wu_spatial,wu2018generalisation_exp1,exp1,context_free_centaur,Context-free Centaur,114,114,47,114,20,2.046875,True,114,History-Only,json,context_free_eval/wu2018generalisation_exp1_context_free_results.json,,,,
Wu_spatial,wu2018generalisation_exp1,exp1,context_free_centaur,Context-free Centaur,115,115,47,115,15,2.4375,True,115,History-Only,json,context_free_eval/wu2018generalisation_exp1_context_free_results.json,,,,
Wu_spatial,wu2018generalisation_exp1,exp1,context_free_centaur,Context-free Centaur,116,116,47,116,10,3.0,True,116,History-Only,json,context_free_eval/wu2018generalisation_exp1_context_free_results.json,,,,
Wu_spatial,wu2018generalisation_exp1,exp1,context_free_centaur,Context-free Centaur,117,117,47,117,18,4.65625,True,117,History-Only,json,context_free_eval/wu2018generalisation_exp1_context_free_results.json,,,,
Wu_spatial,wu2018generalisation_exp1,exp1,context_free_centaur,Context-free Centaur,118,118,47,118,21,2.890625,True,118,History-Only,json,context_free_eval/wu2018generalisation_exp1_context_free_results.json,,,,
Wu_spatial,wu2018generalisation_exp1,exp1,context_free_centaur,Context-free Centaur,119,119,47,119,24,2.3125,True,119,History-Only,json,context_free_eval/wu2018generalisation_exp1_context_free_results.json,,,,
Wu_spatial,wu2018generalisation_exp1,exp1,context_free_centaur,Context-free Centaur,120,120,53,0,9,3.546875,False,0,History-Only,json,context_free_eval/wu2018generalisation_exp1_context_free_results.json,,,,
Wu_spatial,wu2018generalisation_exp1,exp1,context_free_centaur,Context-free Centaur,121,121,53,1,8,3.15625,True,1,History-Only,json,context_free_eval/wu2018generalisation_exp1_context_free_results.json,,,,
Wu_spatial,wu2018generalisation_exp1,exp1,context_free_centaur,Context-free Centaur,122,122,53,2,7,1.5859375,True,2,History-Only,json,context_free_eval/wu2018generalisation_exp1_context_free_results.json,,,,
Wu_spatial,wu2018generalisation_exp1,exp1,context_free_centaur,Context-free Centaur,123,123,53,3,10,3.453125,True,3,History-Only,json,context_free_eval/wu2018generalisation_exp1_context_free_results.json,,,,
Wu_spatial,wu2018generalisation_exp1,exp1,context_free_centaur,Context-free Centaur,124,124,53,4,11,1.3515625,True,4,History-Only,json,context_free_eval/wu2018generalisation_exp1_context_free_results.json,,,,
Wu_spatial,wu2018generalisation_exp1,exp1,context_free_centaur,Context-free Centaur,125,125,53,5,12,0.60546875,True,5,History-Only,json,context_free_eval/wu2018generalisation_exp1_context_free_results.json,,,,
Wu_spatial,wu2018generalisation_exp1,exp1,context_free_centaur,Context-free Centaur,126,126,53,6,6,3.03125,True,6,History-Only,json,context_free_eval/wu2018generalisation_exp1_context_free_results.json,,,,
Wu_spatial,wu2018generalisation_exp1,exp1,context_free_centaur,Context-free Centaur,127,127,53,7,22,4.78125,True,7,History-Only,json,context_free_eval/wu2018generalisation_exp1_context_free_results.json,,,,
Wu_spatial,wu2018generalisation_exp1,exp1,context_free_centaur,Context-free Centaur,128,128,53,8,25,3.796875,True,8,History-Only,json,context_free_eval/wu2018generalisation_exp1_context_free_results.json,,,,
Wu_spatial,wu2018generalisation_exp1,exp1,context_free_centaur,Context-free Centaur,129,129,53,9,28,2.703125,True,9,History-Only,json,context_free_eval/wu2018generalisation_exp1_context_free_results.json,,,,
Wu_spatial,wu2018generalisation_exp1,exp1,context_free_centaur,Context-free Centaur,130,130,53,10,5,3.171875,True,10,History-Only,json,context_free_eval/wu2018generalisation_exp1_context_free_results.json,,,,
Wu_spatial,wu2018generalisation_exp1,exp1,context_free_centaur,Context-free Centaur,131,131,53,11,10,3.6875,True,11,History-Only,json,context_free_eval/wu2018generalisation_exp1_context_free_results.json,,,,
Wu_spatial,wu2018generalisation_exp1,exp1,context_free_centaur,Context-free Centaur,132,132,53,12,14,2.5,True,12,History-Only,json,context_free_eval/wu2018generalisation_exp1_context_free_results.json,,,,
Wu_spatial,wu2018generalisation_exp1,exp1,context_free_centaur,Context-free Centaur,133,133,53,13,15,2.5625,True,13,History-Only,json,context_free_eval/wu2018generalisation_exp1_context_free_results.json,,,,
Wu_spatial,wu2018generalisation_exp1,exp1,context_free_centaur,Context-free Centaur,134,134,53,14,13,3.125,True,14,History-Only,json,context_free_eval/wu2018generalisation_exp1_context_free_results.json,,,,
Wu_spatial,wu2018generalisation_exp1,exp1,context_free_centaur,Context-free Centaur,135,135,53,15,5,2.5625,True,15,History-Only,json,context_free_eval/wu2018generalisation_exp1_context_free_results.json,,,,
Wu_spatial,wu2018generalisation_exp1,exp1,context_free_centaur,Context-free Centaur,136,136,53,16,2,4.125,True,16,History-Only,json,context_free_eval/wu2018generalisation_exp1_context_free_results.json,,,,
Wu_spatial,wu2018generalisation_exp1,exp1,context_free_centaur,Context-free Centaur,137,137,53,17,11,3.28125,True,17,History-Only,json,context_free_eval/wu2018generalisation_exp1_context_free_results.json,,,,
Wu_spatial,wu2018generalisation_exp1,exp1,context_free_centaur,Context-free Centaur,138,138,53,18,12,2.375,True,18,History-Only,json,context_free_eval/wu2018generalisation_exp1_context_free_results.json,,,,
Wu_spatial,wu2018generalisation_exp1,exp1,context_free_centaur,Context-free Centaur,139,139,53,19,13,1.1875,True,19,History-Only,json,context_free_eval/wu2018generalisation_exp1_context_free_results.json,,,,
Wu_spatial,wu2018generalisation_exp1,exp1,context_free_centaur,Context-free Centaur,140,140,53,20,14,0.82421875,True,20,History-Only,json,context_free_eval/wu2018generalisation_exp1_context_free_results.json,,,,
Wu_spatial,wu2018generalisation_exp1,exp1,context_free_centaur,Context-free Centaur,141,141,53,21,25,4.125,True,21,History-Only,json,context_free_eval/wu2018generalisation_exp1_context_free_results.json,,,,
Wu_spatial,wu2018generalisation_exp1,exp1,context_free_centaur,Context-free Centaur,142,142,53,22,28,2.234375,True,22,History-Only,json,context_free_eval/wu2018generalisation_exp1_context_free_results.json,,,,
Wu_spatial,wu2018generalisation_exp1,exp1,context_free_centaur,Context-free Centaur,143,143,53,23,17,4.25,True,23,History-Only,json,context_free_eval/wu2018generalisation_exp1_context_free_results.json,,,,
Wu_spatial,wu2018generalisation_exp1,exp1,context_free_centaur,Context-free Centaur,144,144,53,24,15,2.828125,True,24,History-Only,json,context_free_eval/wu2018generalisation_exp1_context_free_results.json,,,,
Wu_spatial,wu2018generalisation_exp1,exp1,context_free_centaur,Context-free Centaur,145,145,53,25,1,3.140625,True,25,History-Only,json,context_free_eval/wu2018generalisation_exp1_context_free_results.json,,,,
Wu_spatial,wu2018generalisation_exp1,exp1,context_free_centaur,Context-free Centaur,146,146,53,26,2,1.265625,True,26,History-Only,json,context_free_eval/wu2018generalisation_exp1_context_free_results.json,,,,
Wu_spatial,wu2018generalisation_exp1,exp1,context_free_centaur,Context-free Centaur,147,147,53,27,3,0.7109375,True,27,History-Only,json,context_free_eval/wu2018generalisation_exp1_context_free_results.json,,,,
Wu_spatial,wu2018generalisation_exp1,exp1,context_free_centaur,Context-free Centaur,148,148,53,28,4,0.51953125,True,28,History-Only,json,context_free_eval/wu2018generalisation_exp1_context_free_results.json,,,,
Wu_spatial,wu2018generalisation_exp1,exp1,context_free_centaur,Context-free Centaur,149,149,53,29,5,0.404296875,True,29,History-Only,json,context_free_eval/wu2018generalisation_exp1_context_free_results.json,,,,
Wu_spatial,wu2018generalisation_exp1,exp1,context_free_centaur,Context-free Centaur,150,150,53,30,15,3.59375,True,30,History-Only,json,context_free_eval/wu2018generalisation_exp1_context_free_results.json,,,,
Wu_spatial,wu2018generalisation_exp1,exp1,context_free_centaur,Context-free Centaur,151,151,53,31,14,1.3046875,True,31,History-Only,json,context_free_eval/wu2018generalisation_exp1_context_free_results.json,,,,
Wu_spatial,wu2018generalisation_exp1,exp1,context_free_centaur,Context-free Centaur,152,152,53,32,13,0.35546875,True,32,History-Only,json,context_free_eval/wu2018generalisation_exp1_context_free_results.json,,,,
Wu_spatial,wu2018generalisation_exp1,exp1,context_free_centaur,Context-free Centaur,153,153,53,33,12,0.35546875,True,33,History-Only,json,context_free_eval/wu2018generalisation_exp1_context_free_results.json,,,,
Wu_spatial,wu2018generalisation_exp1,exp1,context_free_centaur,Context-free Centaur,154,154,53,34,11,0.2314453125,True,34,History-Only,json,context_free_eval/wu2018generalisation_exp1_context_free_results.json,,,,
Wu_spatial,wu2018generalisation_exp1,exp1,context_free_centaur,Context-free Centaur,155,155,53,35,17,4.53125,True,35,History-Only,json,context_free_eval/wu2018generalisation_exp1_context_free_results.json,,,,
Wu_spatial,wu2018generalisation_exp1,exp1,context_free_centaur,Context-free Centaur,156,156,53,36,22,3.609375,True,36,History-Only,json,context_free_eval/wu2018generalisation_exp1_context_free_results.json,,,,
Wu_spatial,wu2018generalisation_exp1,exp1,context_free_centaur,Context-free Centaur,157,157,53,37,23,1.734375,True,37,History-Only,json,context_free_eval/wu2018generalisation_exp1_context_free_results.json,,,,
Wu_spatial,wu2018generalisation_exp1,exp1,context_free_centaur,Context-free Centaur,158,158,53,38,21,2.5625,True,38,History-Only,json,context_free_eval/wu2018generalisation_exp1_context_free_results.json,,,,
Wu_spatial,wu2018generalisation_exp1,exp1,context_free_centaur,Context-free Centaur,159,159,53,39,24,2.109375,True,39,History-Only,json,context_free_eval/wu2018generalisation_exp1_context_free_results.json,,,,
Wu_spatial,wu2018generalisation_exp1,exp1,context_free_centaur,Context-free Centaur,160,160,53,40,3,3.046875,True,40,History-Only,json,context_free_eval/wu2018generalisation_exp1_context_free_results.json,,,,
Wu_spatial,wu2018generalisation_exp1,exp1,context_free_centaur,Context-free Centaur,161,161,53,41,1,3.5625,True,41,History-Only,json,context_free_eval/wu2018generalisation_exp1_context_free_results.json,,,,
Wu_spatial,wu2018generalisation_exp1,exp1,context_free_centaur,Context-free Centaur,162,162,53,42,0,1.8671875,True,42,History-Only,json,context_free_eval/wu2018generalisation_exp1_context_free_results.json,,,,
Wu_spatial,wu2018generalisation_exp1,exp1,context_free_centaur,Context-free Centaur,163,163,53,43,29,3.828125,True,43,History-Only,json,context_free_eval/wu2018generalisation_exp1_context_free_results.json,,,,
Wu_spatial,wu2018generalisation_exp1,exp1,context_free_centaur,Context-free Centaur,164,164,53,44,28,0.6640625,True,44,History-Only,json,context_free_eval/wu2018generalisation_exp1_context_free_results.json,,,,
Wu_spatial,wu2018generalisation_exp1,exp1,context_free_centaur,Context-free Centaur,165,165,53,45,27,4.46875,True,45,History-Only,json,context_free_eval/wu2018generalisation_exp1_context_free_results.json,,,,
Wu_spatial,wu2018generalisation_exp1,exp1,context_free_centaur,Context-free Centaur,166,166,53,46,2,5.25,True,46,History-Only,json,context_free_eval/wu2018generalisation_exp1_context_free_results.json,,,,
Wu_spatial,wu2018generalisation_exp1,exp1,context_free_centaur,Context-free Centaur,167,167,53,47,1,1.546875,True,47,History-Only,json,context_free_eval/wu2018generalisation_exp1_context_free_results.json,,,,
Wu_spatial,wu2018generalisation_exp1,exp1,context_free_centaur,Context-free Centaur,168,168,53,48,5,3.828125,True,48,History-Only,json,context_free_eval/wu2018generalisation_exp1_context_free_results.json,,,,
Wu_spatial,wu2018generalisation_exp1,exp1,context_free_centaur,Context-free Centaur,169,169,53,49,4,1.8203125,True,49,History-Only,json,context_free_eval/wu2018generalisation_exp1_context_free_results.json,,,,
Wu_spatial,wu2018generalisation_exp1,exp1,context_free_centaur,Context-free Centaur,170,170,53,50,8,3.359375,True,50,History-Only,json,context_free_eval/wu2018generalisation_exp1_context_free_results.json,,,,
Wu_spatial,wu2018generalisation_exp1,exp1,context_free_centaur,Context-free Centaur,171,171,53,51,9,1.4921875,True,51,History-Only,json,context_free_eval/wu2018generalisation_exp1_context_free_results.json,,,,
Wu_spatial,wu2018generalisation_exp1,exp1,context_free_centaur,Context-free Centaur,172,172,53,52,7,2.25,True,52,History-Only,json,context_free_eval/wu2018generalisation_exp1_context_free_results.json,,,,
Wu_spatial,wu2018generalisation_exp1,exp1,context_free_centaur,Context-free Centaur,173,173,53,53,6,1.453125,True,53,History-Only,json,context_free_eval/wu2018generalisation_exp1_context_free_results.json,,,,
Wu_spatial,wu2018generalisation_exp1,exp1,context_free_centaur,Context-free Centaur,174,174,53,54,13,2.71875,True,54,History-Only,json,context_free_eval/wu2018generalisation_exp1_context_free_results.json,,,,
Wu_spatial,wu2018generalisation_exp1,exp1,context_free_centaur,Context-free Centaur,175,175,53,55,4,3.390625,True,55,History-Only,json,context_free_eval/wu2018generalisation_exp1_context_free_results.json,,,,
Wu_spatial,wu2018generalisation_exp1,exp1,context_free_centaur,Context-free Centaur,176,176,53,56,5,1.3515625,True,56,History-Only,json,context_free_eval/wu2018generalisation_exp1_context_free_results.json,,,,
Wu_spatial,wu2018generalisation_exp1,exp1,context_free_centaur,Context-free Centaur,177,177,53,57,6,0.73046875,True,57,History-Only,json,context_free_eval/wu2018generalisation_exp1_context_free_results.json,,,,
Wu_spatial,wu2018generalisation_exp1,exp1,context_free_centaur,Context-free Centaur,178,178,53,58,7,0.65625,True,58,History-Only,json,context_free_eval/wu2018generalisation_exp1_context_free_results.json,,,,
Wu_spatial,wu2018generalisation_exp1,exp1,context_free_centaur,Context-free Centaur,179,179,53,59,8,0.23046875,True,59,History-Only,json,context_free_eval/wu2018generalisation_exp1_context_free_results.json,,,,
Wu_spatial,wu2018generalisation_exp1,exp1,context_free_centaur,Context-free Centaur,180,180,53,60,24,4.09375,True,60,History-Only,json,context_free_eval/wu2018generalisation_exp1_context_free_results.json,,,,
Wu_spatial,wu2018generalisation_exp1,exp1,context_free_centaur,Context-free Centaur,181,181,53,61,26,3.484375,True,61,History-Only,json,context_free_eval/wu2018generalisation_exp1_context_free_results.json,,,,
Wu_spatial,wu2018generalisation_exp1,exp1,context_free_centaur,Context-free Centaur,182,182,53,62,22,3.046875,True,62,History-Only,json,context_free_eval/wu2018generalisation_exp1_context_free_results.json,,,,
Wu_spatial,wu2018generalisation_exp1,exp1,context_free_centaur,Context-free Centaur,183,183,53,63,21,1.5859375,True,63,History-Only,json,context_free_eval/wu2018generalisation_exp1_context_free_results.json,,,,
Wu_spatial,wu2018generalisation_exp1,exp1,context_free_centaur,Context-free Centaur,184,184,53,64,20,0.74609375,True,64,History-Only,json,context_free_eval/wu2018generalisation_exp1_context_free_results.json,,,,
Wu_spatial,wu2018generalisation_exp1,exp1,context_free_centaur,Context-free Centaur,185,185,53,65,19,0.62890625,True,65,History-Only,json,context_free_eval/wu2018generalisation_exp1_context_free_results.json,,,,
Wu_spatial,wu2018generalisation_exp1,exp1,context_free_centaur,Context-free Centaur,186,186,53,66,18,0.447265625,True,66,History-Only,json,context_free_eval/wu2018generalisation_exp1_context_free_results.json,,,,
Wu_spatial,wu2018generalisation_exp1,exp1,context_free_centaur,Context-free Centaur,187,187,53,67,17,0.62890625,True,67,History-Only,json,context_free_eval/wu2018generalisation_exp1_context_free_results.json,,,,
Wu_spatial,wu2018generalisation_exp1,exp1,context_free_centaur,Context-free Centaur,188,188,53,68,16,0.37890625,True,68,History-Only,json,context_free_eval/wu2018generalisation_exp1_context_free_results.json,,,,
Wu_spatial,wu2018generalisation_exp1,exp1,context_free_centaur,Context-free Centaur,189,189,53,69,23,3.640625,True,69,History-Only,json,context_free_eval/wu2018generalisation_exp1_context_free_results.json,,,,
Wu_spatial,wu2018generalisation_exp1,exp1,context_free_centaur,Context-free Centaur,190,190,53,70,8,3.234375,True,70,History-Only,json,context_free_eval/wu2018generalisation_exp1_context_free_results.json,,,,
Wu_spatial,wu2018generalisation_exp1,exp1,context_free_centaur,Context-free Centaur,191,191,53,71,15,3.96875,True,71,History-Only,json,context_free_eval/wu2018generalisation_exp1_context_free_results.json,,,,
Wu_spatial,wu2018generalisation_exp1,exp1,context_free_centaur,Context-free Centaur,192,192,53,72,16,1.6015625,True,72,History-Only,json,context_free_eval/wu2018generalisation_exp1_context_free_results.json,,,,
Wu_spatial,wu2018generalisation_exp1,exp1,context_free_centaur,Context-free Centaur,193,193,53,73,14,1.6640625,True,73,History-Only,json,context_free_eval/wu2018generalisation_exp1_context_free_results.json,,,,
Wu_spatial,wu2018generalisation_exp1,exp1,context_free_centaur,Context-free Centaur,194,194,53,74,13,0.7109375,True,74,History-Only,json,context_free_eval/wu2018generalisation_exp1_context_free_results.json,,,,
Wu_spatial,wu2018generalisation_exp1,exp1,context_free_centaur,Context-free Centaur,195,195,53,75,6,3.1875,True,75,History-Only,json,context_free_eval/wu2018generalisation_exp1_context_free_results.json,,,,
Wu_spatial,wu2018generalisation_exp1,exp1,context_free_centaur,Context-free Centaur,196,196,53,76,13,3.921875,True,76,History-Only,json,context_free_eval/wu2018generalisation_exp1_context_free_results.json,,,,
Wu_spatial,wu2018generalisation_exp1,exp1,context_free_centaur,Context-free Centaur,197,197,53,77,18,3.484375,True,77,History-Only,json,context_free_eval/wu2018generalisation_exp1_context_free_results.json,,,,
Wu_spatial,wu2018generalisation_exp1,exp1,context_free_centaur,Context-free Centaur,198,198,53,78,19,1.78125,True,78,History-Only,json,context_free_eval/wu2018generalisation_exp1_context_free_results.json,,,,
Wu_spatial,wu2018generalisation_exp1,exp1,context_free_centaur,Context-free Centaur,199,199,53,79,17,2.140625,True,79,History-Only,json,context_free_eval/wu2018generalisation_exp1_context_free_results.json,,,,
Wu_spatial,wu2018generalisation_exp1,exp1,context_free_centaur,Context-free Centaur,200,200,53,80,20,2.125,True,80,History-Only,json,context_free_eval/wu2018generalisation_exp1_context_free_results.json,,,,
Wu_spatial,wu2018generalisation_exp1,exp1,context_free_centaur,Context-free Centaur,201,201,53,81,21,0.7734375,True,81,History-Only,json,context_free_eval/wu2018generalisation_exp1_context_free_results.json,,,,
Wu_spatial,wu2018generalisation_exp1,exp1,context_free_centaur,Context-free Centaur,202,202,53,82,22,0.5078125,True,82,History-Only,json,context_free_eval/wu2018generalisation_exp1_context_free_results.json,,,,
Wu_spatial,wu2018generalisation_exp1,exp1,context_free_centaur,Context-free Centaur,203,203,53,83,26,3.40625,True,83,History-Only,json,context_free_eval/wu2018generalisation_exp1_context_free_results.json,,,,
Wu_spatial,wu2018generalisation_exp1,exp1,context_free_centaur,Context-free Centaur,204,204,53,84,27,1.078125,True,84,History-Only,json,context_free_eval/wu2018generalisation_exp1_context_free_results.json,,,,
Wu_spatial,wu2018generalisation_exp1,exp1,context_free_centaur,Context-free Centaur,205,205,53,85,9,3.09375,True,85,History-Only,json,context_free_eval/wu2018generalisation_exp1_context_free_results.json,,,,
Wu_spatial,wu2018generalisation_exp1,exp1,context_free_centaur,Context-free Centaur,206,206,53,86,15,3.28125,True,86,History-Only,json,context_free_eval/wu2018generalisation_exp1_context_free_results.json,,,,
Wu_spatial,wu2018generalisation_exp1,exp1,context_free_centaur,Context-free Centaur,207,207,53,87,17,2.703125,True,87,History-Only,json,context_free_eval/wu2018generalisation_exp1_context_free_results.json,,,,
Wu_spatial,wu2018generalisation_exp1,exp1,context_free_centaur,Context-free Centaur,208,208,53,88,18,1.40625,True,88,History-Only,json,context_free_eval/wu2018generalisation_exp1_context_free_results.json,,,,
Wu_spatial,wu2018generalisation_exp1,exp1,context_free_centaur,Context-free Centaur,209,209,53,89,16,1.65625,True,89,History-Only,json,context_free_eval/wu2018generalisation_exp1_context_free_results.json,,,,
Wu_spatial,wu2018generalisation_exp1,exp1,context_free_centaur,Context-free Centaur,210,210,53,90,14,3.453125,True,90,History-Only,json,context_free_eval/wu2018generalisation_exp1_context_free_results.json,,,,
Wu_spatial,wu2018generalisation_exp1,exp1,context_free_centaur,Context-free Centaur,211,211,53,91,18,3.28125,True,91,History-Only,json,context_free_eval/wu2018generalisation_exp1_context_free_results.json,,,,
Wu_spatial,wu2018generalisation_exp1,exp1,context_free_centaur,Context-free Centaur,212,212,53,92,16,2.828125,True,92,History-Only,json,context_free_eval/wu2018generalisation_exp1_context_free_results.json,,,,
Wu_spatial,wu2018generalisation_exp1,exp1,context_free_centaur,Context-free Centaur,213,213,53,93,20,3.0625,True,93,History-Only,json,context_free_eval/wu2018generalisation_exp1_context_free_results.json,,,,
Wu_spatial,wu2018generalisation_exp1,exp1,context_free_centaur,Context-free Centaur,214,214,53,94,21,1.125,True,94,History-Only,json,context_free_eval/wu2018generalisation_exp1_context_free_results.json,,,,
Wu_spatial,wu2018generalisation_exp1,exp1,context_free_centaur,Context-free Centaur,215,215,53,95,19,1.453125,True,95,History-Only,json,context_free_eval/wu2018generalisation_exp1_context_free_results.json,,,,
Wu_spatial,wu2018generalisation_exp1,exp1,context_free_centaur,Context-free Centaur,216,216,53,96,26,3.078125,True,96,History-Only,json,context_free_eval/wu2018generalisation_exp1_context_free_results.json,,,,
Wu_spatial,wu2018generalisation_exp1,exp1,context_free_centaur,Context-free Centaur,217,217,53,97,27,0.9453125,True,97,History-Only,json,context_free_eval/wu2018generalisation_exp1_context_free_results.json,,,,
Wu_spatial,wu2018generalisation_exp1,exp1,context_free_centaur,Context-free Centaur,218,218,53,98,28,0.609375,True,98,History-Only,json,context_free_eval/wu2018generalisation_exp1_context_free_results.json,,,,
Wu_spatial,wu2018generalisation_exp1,exp1,context_free_centaur,Context-free Centaur,219,219,53,99,29,0.953125,True,99,History-Only,json,context_free_eval/wu2018generalisation_exp1_context_free_results.json,,,,
Wu_spatial,wu2018generalisation_exp1,exp1,context_free_centaur,Context-free Centaur,220,220,53,100,7,2.921875,True,100,History-Only,json,context_free_eval/wu2018generalisation_exp1_context_free_results.json,,,,
Wu_spatial,wu2018generalisation_exp1,exp1,context_free_centaur,Context-free Centaur,221,221,53,101,0,5.8125,True,101,History-Only,json,context_free_eval/wu2018generalisation_exp1_context_free_results.json,,,,
Wu_spatial,wu2018generalisation_exp1,exp1,context_free_centaur,Context-free Centaur,222,222,53,102,26,4.25,True,102,History-Only,json,context_free_eval/wu2018generalisation_exp1_context_free_results.json,,,,
Wu_spatial,wu2018generalisation_exp1,exp1,context_free_centaur,Context-free Centaur,223,223,53,103,21,3.546875,True,103,History-Only,json,context_free_eval/wu2018generalisation_exp1_context_free_results.json,,,,
Wu_spatial,wu2018generalisation_exp1,exp1,context_free_centaur,Context-free Centaur,224,224,53,104,2,5.4375,True,104,History-Only,json,context_free_eval/wu2018generalisation_exp1_context_free_results.json,,,,
Wu_spatial,wu2018generalisation_exp1,exp1,context_free_centaur,Context-free Centaur,225,225,53,105,14,3.296875,True,105,History-Only,json,context_free_eval/wu2018generalisation_exp1_context_free_results.json,,,,
Wu_spatial,wu2018generalisation_exp1,exp1,context_free_centaur,Context-free Centaur,226,226,53,106,18,2.4375,True,106,History-Only,json,context_free_eval/wu2018generalisation_exp1_context_free_results.json,,,,
Wu_spatial,wu2018generalisation_exp1,exp1,context_free_centaur,Context-free Centaur,227,227,53,107,12,4.1875,True,107,History-Only,json,context_free_eval/wu2018generalisation_exp1_context_free_results.json,,,,
Wu_spatial,wu2018generalisation_exp1,exp1,context_free_centaur,Context-free Centaur,228,228,53,108,15,2.96875,True,108,History-Only,json,context_free_eval/wu2018generalisation_exp1_context_free_results.json,,,,
Wu_spatial,wu2018generalisation_exp1,exp1,context_free_centaur,Context-free Centaur,229,229,53,109,16,1.578125,True,109,History-Only,json,context_free_eval/wu2018generalisation_exp1_context_free_results.json,,,,
Wu_spatial,wu2018generalisation_exp1,exp1,context_free_centaur,Context-free Centaur,230,230,53,110,2,5.53125,True,110,History-Only,json,context_free_eval/wu2018generalisation_exp1_context_free_results.json,,,,
Wu_spatial,wu2018generalisation_exp1,exp1,context_free_centaur,Context-free Centaur,231,231,53,111,1,1.6875,True,111,History-Only,json,context_free_eval/wu2018generalisation_exp1_context_free_results.json,,,,
Wu_spatial,wu2018generalisation_exp1,exp1,context_free_centaur,Context-free Centaur,232,232,53,112,0,0.859375,True,112,History-Only,json,context_free_eval/wu2018generalisation_exp1_context_free_results.json,,,,
Wu_spatial,wu2018generalisation_exp1,exp1,context_free_centaur,Context-free Centaur,233,233,53,113,3,2.4375,True,113,History-Only,json,context_free_eval/wu2018generalisation_exp1_context_free_results.json,,,,
Wu_spatial,wu2018generalisation_exp1,exp1,context_free_centaur,Context-free Centaur,234,234,53,114,29,4.59375,True,114,History-Only,json,context_free_eval/wu2018generalisation_exp1_context_free_results.json,,,,
Wu_spatial,wu2018generalisation_exp1,exp1,context_free_centaur,Context-free Centaur,235,235,53,115,11,3.625,True,115,History-Only,json,context_free_eval/wu2018generalisation_exp1_context_free_results.json,,,,
Wu_spatial,wu2018generalisation_exp1,exp1,context_free_centaur,Context-free Centaur,236,236,53,116,10,2.171875,True,116,History-Only,json,context_free_eval/wu2018generalisation_exp1_context_free_results.json,,,,
Wu_spatial,wu2018generalisation_exp1,exp1,context_free_centaur,Context-free Centaur,237,237,53,117,9,0.625,True,117,History-Only,json,context_free_eval/wu2018generalisation_exp1_context_free_results.json,,,,
Wu_spatial,wu2018generalisation_exp1,exp1,context_free_centaur,Context-free Centaur,238,238,53,118,8,0.4140625,True,118,History-Only,json,context_free_eval/wu2018generalisation_exp1_context_free_results.json,,,,
Wu_spatial,wu2018generalisation_exp1,exp1,context_free_centaur,Context-free Centaur,239,239,53,119,7,0.37109375,True,119,History-Only,json,context_free_eval/wu2018generalisation_exp1_context_free_results.json,,,,
Wu_spatial,wu2018generalisation_exp1,exp1,context_free_centaur,Context-free Centaur,240,240,69,0,26,4.03125,False,0,History-Only,json,context_free_eval/wu2018generalisation_exp1_context_free_results.json,,,,
Wu_spatial,wu2018generalisation_exp1,exp1,context_free_centaur,Context-free Centaur,241,241,69,1,28,3.71875,True,1,History-Only,json,context_free_eval/wu2018generalisation_exp1_context_free_results.json,,,,
Wu_spatial,wu2018generalisation_exp1,exp1,context_free_centaur,Context-free Centaur,242,242,69,2,29,1.890625,True,2,History-Only,json,context_free_eval/wu2018generalisation_exp1_context_free_results.json,,,,
Wu_spatial,wu2018generalisation_exp1,exp1,context_free_centaur,Context-free Centaur,243,243,69,3,16,3.734375,True,3,History-Only,json,context_free_eval/wu2018generalisation_exp1_context_free_results.json,,,,
Wu_spatial,wu2018generalisation_exp1,exp1,context_free_centaur,Context-free Centaur,244,244,69,4,7,3.53125,True,4,History-Only,json,context_free_eval/wu2018generalisation_exp1_context_free_results.json,,,,
Wu_spatial,wu2018generalisation_exp1,exp1,context_free_centaur,Context-free Centaur,245,245,69,5,20,3.53125,True,5,History-Only,json,context_free_eval/wu2018generalisation_exp1_context_free_results.json,,,,
Wu_spatial,wu2018generalisation_exp1,exp1,context_free_centaur,Context-free Centaur,246,246,69,6,21,2.3125,True,6,History-Only,json,context_free_eval/wu2018generalisation_exp1_context_free_results.json,,,,
Wu_spatial,wu2018generalisation_exp1,exp1,context_free_centaur,Context-free Centaur,247,247,69,7,22,0.90234375,True,7,History-Only,json,context_free_eval/wu2018generalisation_exp1_context_free_results.json,,,,
Wu_spatial,wu2018generalisation_exp1,exp1,context_free_centaur,Context-free Centaur,248,248,69,8,23,0.57421875,True,8,History-Only,json,context_free_eval/wu2018generalisation_exp1_context_free_results.json,,,,
Wu_spatial,wu2018generalisation_exp1,exp1,context_free_centaur,Context-free Centaur,249,249,69,9,24,0.291015625,True,9,History-Only,json,context_free_eval/wu2018generalisation_exp1_context_free_results.json,,,,
Wu_spatial,wu2018generalisation_exp1,exp1,context_free_centaur,Context-free Centaur,250,250,69,10,25,0.2353515625,True,10,History-Only,json,context_free_eval/wu2018generalisation_exp1_context_free_results.json,,,,
Wu_spatial,wu2018generalisation_exp1,exp1,context_free_centaur,Context-free Centaur,251,251,69,11,5,5.0625,True,11,History-Only,json,context_free_eval/wu2018generalisation_exp1_context_free_results.json,,,,
Wu_spatial,wu2018generalisation_exp1,exp1,context_free_centaur,Context-free Centaur,252,252,69,12,11,4.40625,True,12,History-Only,json,context_free_eval/wu2018generalisation_exp1_context_free_results.json,,,,
Wu_spatial,wu2018generalisation_exp1,exp1,context_free_centaur,Context-free Centaur,253,253,69,13,12,1.921875,True,13,History-Only,json,context_free_eval/wu2018generalisation_exp1_context_free_results.json,,,,
Wu_spatial,wu2018generalisation_exp1,exp1,context_free_centaur,Context-free Centaur,254,254,69,14,10,3.46875,True,14,History-Only,json,context_free_eval/wu2018generalisation_exp1_context_free_results.json,,,,
Wu_spatial,wu2018generalisation_exp1,exp1,context_free_centaur,Context-free Centaur,255,255,69,15,22,3.46875,True,15,History-Only,json,context_free_eval/wu2018generalisation_exp1_context_free_results.json,,,,
Wu_spatial,wu2018generalisation_exp1,exp1,context_free_centaur,Context-free Centaur,256,256,69,16,4,5.0625,True,16,History-Only,json,context_free_eval/wu2018generalisation_exp1_context_free_results.json,,,,
Wu_spatial,wu2018generalisation_exp1,exp1,context_free_centaur,Context-free Centaur,257,257,69,17,9,3.21875,True,17,History-Only,json,context_free_eval/wu2018generalisation_exp1_context_free_results.json,,,,
Wu_spatial,wu2018generalisation_exp1,exp1,context_free_centaur,Context-free Centaur,258,258,69,18,27,4.375,True,18,History-Only,json,context_free_eval/wu2018generalisation_exp1_context_free_results.json,,,,
Wu_spatial,wu2018generalisation_exp1,exp1,context_free_centaur,Context-free Centaur,259,259,69,19,28,2.46875,True,19,History-Only,json,context_free_eval/wu2018generalisation_exp1_context_free_results.json,,,,
Wu_spatial,wu2018generalisation_exp1,exp1,context_free_centaur,Context-free Centaur,260,260,69,20,13,3.359375,True,20,History-Only,json,context_free_eval/wu2018generalisation_exp1_context_free_results.json,,,,
Wu_spatial,wu2018generalisation_exp1,exp1,context_free_centaur,Context-free Centaur,261,261,69,21,14,1.3046875,True,21,History-Only,json,context_free_eval/wu2018generalisation_exp1_context_free_results.json,,,,
Wu_spatial,wu2018generalisation_exp1,exp1,context_free_centaur,Context-free Centaur,262,262,69,22,12,2.71875,True,22,History-Only,json,context_free_eval/wu2018generalisation_exp1_context_free_results.json,,,,
Wu_spatial,wu2018generalisation_exp1,exp1,context_free_centaur,Context-free Centaur,263,263,69,23,16,3.171875,True,23,History-Only,json,context_free_eval/wu2018generalisation_exp1_context_free_results.json,,,,
Wu_spatial,wu2018generalisation_exp1,exp1,context_free_centaur,Context-free Centaur,264,264,69,24,24,3.6875,True,24,History-Only,json,context_free_eval/wu2018generalisation_exp1_context_free_results.json,,,,
Wu_spatial,wu2018generalisation_exp1,exp1,context_free_centaur,Context-free Centaur,265,265,69,25,23,1.6953125,True,25,History-Only,json,context_free_eval/wu2018generalisation_exp1_context_free_results.json,,,,
Wu_spatial,wu2018generalisation_exp1,exp1,context_free_centaur,Context-free Centaur,266,266,69,26,5,4.15625,True,26,History-Only,json,context_free_eval/wu2018generalisation_exp1_context_free_results.json,,,,
Wu_spatial,wu2018generalisation_exp1,exp1,context_free_centaur,Context-free Centaur,267,267,69,27,4,2.359375,True,27,History-Only,json,context_free_eval/wu2018generalisation_exp1_context_free_results.json,,,,
Wu_spatial,wu2018generalisation_exp1,exp1,context_free_centaur,Context-free Centaur,268,268,69,28,6,2.15625,True,28,History-Only,json,context_free_eval/wu2018generalisation_exp1_context_free_results.json,,,,
Wu_spatial,wu2018generalisation_exp1,exp1,context_free_centaur,Context-free Centaur,269,269,69,29,7,1.671875,True,29,History-Only,json,context_free_eval/wu2018generalisation_exp1_context_free_results.json,,,,
Wu_spatial,wu2018generalisation_exp1,exp1,context_free_centaur,Context-free Centaur,270,270,69,30,11,3.359375,True,30,History-Only,json,context_free_eval/wu2018generalisation_exp1_context_free_results.json,,,,
Wu_spatial,wu2018generalisation_exp1,exp1,context_free_centaur,Context-free Centaur,271,271,69,31,18,3.890625,True,31,History-Only,json,context_free_eval/wu2018generalisation_exp1_context_free_results.json,,,,
Wu_spatial,wu2018generalisation_exp1,exp1,context_free_centaur,Context-free Centaur,272,272,69,32,19,1.59375,True,32,History-Only,json,context_free_eval/wu2018generalisation_exp1_context_free_results.json,,,,
Wu_spatial,wu2018generalisation_exp1,exp1,context_free_centaur,Context-free Centaur,273,273,69,33,17,2.03125,True,33,History-Only,json,context_free_eval/wu2018generalisation_exp1_context_free_results.json,,,,
Wu_spatial,wu2018generalisation_exp1,exp1,context_free_centaur,Context-free Centaur,274,274,69,34,16,2.296875,True,34,History-Only,json,context_free_eval/wu2018generalisation_exp1_context_free_results.json,,,,
Wu_spatial,wu2018generalisation_exp1,exp1,context_free_centaur,Context-free Centaur,275,275,69,35,22,3.046875,True,35,History-Only,json,context_free_eval/wu2018generalisation_exp1_context_free_results.json,,,,
Wu_spatial,wu2018generalisation_exp1,exp1,context_free_centaur,Context-free Centaur,276,276,69,36,21,1.4453125,True,36,History-Only,json,context_free_eval/wu2018generalisation_exp1_context_free_results.json,,,,
Wu_spatial,wu2018generalisation_exp1,exp1,context_free_centaur,Context-free Centaur,277,277,69,37,20,0.9609375,True,37,History-Only,json,context_free_eval/wu2018generalisation_exp1_context_free_results.json,,,,
Wu_spatial,wu2018generalisation_exp1,exp1,context_free_centaur,Context-free Centaur,278,278,69,38,24,3.265625,True,38,History-Only,json,context_free_eval/wu2018generalisation_exp1_context_free_results.json,,,,
Wu_spatial,wu2018generalisation_exp1,exp1,context_free_centaur,Context-free Centaur,279,279,69,39,25,1.1796875,True,39,History-Only,json,context_free_eval/wu2018generalisation_exp1_context_free_results.json,,,,
Wu_spatial,wu2018generalisation_exp1,exp1,context_free_centaur,Context-free Centaur,280,280,69,40,25,4.40625,True,40,History-Only,json,context_free_eval/wu2018generalisation_exp1_context_free_results.json,,,,
Wu_spatial,wu2018generalisation_exp1,exp1,context_free_centaur,Context-free Centaur,281,281,69,41,26,1.125,True,41,History-Only,json,context_free_eval/wu2018generalisation_exp1_context_free_results.json,,,,
Wu_spatial,wu2018generalisation_exp1,exp1,context_free_centaur,Context-free Centaur,282,282,69,42,26,2.296875,True,42,History-Only,json,context_free_eval/wu2018generalisation_exp1_context_free_results.json,,,,
Wu_spatial,wu2018generalisation_exp1,exp1,context_free_centaur,Context-free Centaur,283,283,69,43,25,2.625,True,43,History-Only,json,context_free_eval/wu2018generalisation_exp1_context_free_results.json,,,,
Wu_spatial,wu2018generalisation_exp1,exp1,context_free_centaur,Context-free Centaur,284,284,69,44,27,2.5,True,44,History-Only,json,context_free_eval/wu2018generalisation_exp1_context_free_results.json,,,,
Wu_spatial,wu2018generalisation_exp1,exp1,context_free_centaur,Context-free Centaur,285,285,69,45,10,3.125,True,45,History-Only,json,context_free_eval/wu2018generalisation_exp1_context_free_results.json,,,,
Wu_spatial,wu2018generalisation_exp1,exp1,context_free_centaur,Context-free Centaur,286,286,69,46,11,1.21875,True,46,History-Only,json,context_free_eval/wu2018generalisation_exp1_context_free_results.json,,,,
Wu_spatial,wu2018generalisation_exp1,exp1,context_free_centaur,Context-free Centaur,287,287,69,47,9,1.6796875,True,47,History-Only,json,context_free_eval/wu2018generalisation_exp1_context_free_results.json,,,,
Wu_spatial,wu2018generalisation_exp1,exp1,context_free_centaur,Context-free Centaur,288,288,69,48,17,3.25,True,48,History-Only,json,context_free_eval/wu2018generalisation_exp1_context_free_results.json,,,,
Wu_spatial,wu2018generalisation_exp1,exp1,context_free_centaur,Context-free Centaur,289,289,69,49,18,0.66796875,True,49,History-Only,json,context_free_eval/wu2018generalisation_exp1_context_free_results.json,,,,
Wu_spatial,wu2018generalisation_exp1,exp1,context_free_centaur,Context-free Centaur,290,290,69,50,3,3.78125,True,50,History-Only,json,context_free_eval/wu2018generalisation_exp1_context_free_results.json,,,,
Wu_spatial,wu2018generalisation_exp1,exp1,context_free_centaur,Context-free Centaur,291,291,69,51,1,3.890625,True,51,History-Only,json,context_free_eval/wu2018generalisation_exp1_context_free_results.json,,,,
Wu_spatial,wu2018generalisation_exp1,exp1,context_free_centaur,Context-free Centaur,292,292,69,52,0,1.8203125,True,52,History-Only,json,context_free_eval/wu2018generalisation_exp1_context_free_results.json,,,,
Wu_spatial,wu2018generalisation_exp1,exp1,context_free_centaur,Context-free Centaur,293,293,69,53,7,3.40625,True,53,History-Only,json,context_free_eval/wu2018generalisation_exp1_context_free_results.json,,,,
Wu_spatial,wu2018generalisation_exp1,exp1,context_free_centaur,Context-free Centaur,294,294,69,54,10,3.59375,True,54,History-Only,json,context_free_eval/wu2018generalisation_exp1_context_free_results.json,,,,
Wu_spatial,wu2018generalisation_exp1,exp1,context_free_centaur,Context-free Centaur,295,295,69,55,11,1.609375,True,55,History-Only,json,context_free_eval/wu2018generalisation_exp1_context_free_results.json,,,,
Wu_spatial,wu2018generalisation_exp1,exp1,context_free_centaur,Context-free Centaur,296,296,69,56,9,3.0,True,56,History-Only,json,context_free_eval/wu2018generalisation_exp1_context_free_results.json,,,,
Wu_spatial,wu2018generalisation_exp1,exp1,context_free_centaur,Context-free Centaur,297,297,69,57,8,1.15625,True,57,History-Only,json,context_free_eval/wu2018generalisation_exp1_context_free_results.json,,,,
Wu_spatial,wu2018generalisation_exp1,exp1,context_free_centaur,Context-free Centaur,298,298,69,58,12,2.265625,True,58,History-Only,json,context_free_eval/wu2018generalisation_exp1_context_free_results.json,,,,
Wu_spatial,wu2018generalisation_exp1,exp1,context_free_centaur,Context-free Centaur,299,299,69,59,13,0.79296875,True,59,History-Only,json,context_free_eval/wu2018generalisation_exp1_context_free_results.json,,,,
Wu_spatial,wu2018generalisation_exp1,exp1,context_free_centaur,Context-free Centaur,300,300,69,60,18,3.046875,True,60,History-Only,json,context_free_eval/wu2018generalisation_exp1_context_free_results.json,,,,
Wu_spatial,wu2018generalisation_exp1,exp1,context_free_centaur,Context-free Centaur,301,301,69,61,17,1.2578125,True,61,History-Only,json,context_free_eval/wu2018generalisation_exp1_context_free_results.json,,,,
Wu_spatial,wu2018generalisation_exp1,exp1,context_free_centaur,Context-free Centaur,302,302,69,62,16,0.77734375,True,62,History-Only,json,context_free_eval/wu2018generalisation_exp1_context_free_results.json,,,,
Wu_spatial,wu2018generalisation_exp1,exp1,context_free_centaur,Context-free Centaur,303,303,69,63,15,1.640625,True,63,History-Only,json,context_free_eval/wu2018generalisation_exp1_context_free_results.json,,,,
Wu_spatial,wu2018generalisation_exp1,exp1,context_free_centaur,Context-free Centaur,304,304,69,64,14,0.609375,True,64,History-Only,json,context_free_eval/wu2018generalisation_exp1_context_free_results.json,,,,
Wu_spatial,wu2018generalisation_exp1,exp1,context_free_centaur,Context-free Centaur,305,305,69,65,23,2.859375,True,65,History-Only,json,context_free_eval/wu2018generalisation_exp1_context_free_results.json,,,,
Wu_spatial,wu2018generalisation_exp1,exp1,context_free_centaur,Context-free Centaur,306,306,69,66,25,3.34375,True,66,History-Only,json,context_free_eval/wu2018generalisation_exp1_context_free_results.json,,,,
Wu_spatial,wu2018generalisation_exp1,exp1,context_free_centaur,Context-free Centaur,307,307,69,67,26,1.1640625,True,67,History-Only,json,context_free_eval/wu2018generalisation_exp1_context_free_results.json,,,,
Wu_spatial,wu2018generalisation_exp1,exp1,context_free_centaur,Context-free Centaur,308,308,69,68,27,0.70703125,True,68,History-Only,json,context_free_eval/wu2018generalisation_exp1_context_free_results.json,,,,
Wu_spatial,wu2018generalisation_exp1,exp1,context_free_centaur,Context-free Centaur,309,309,69,69,16,5.5625,True,69,History-Only,json,context_free_eval/wu2018generalisation_exp1_context_free_results.json,,,,
Wu_spatial,wu2018generalisation_exp1,exp1,context_free_centaur,Context-free Centaur,310,310,69,70,16,3.1875,True,70,History-Only,json,context_free_eval/wu2018generalisation_exp1_context_free_results.json,,,,
Wu_spatial,wu2018generalisation_exp1,exp1,context_free_centaur,Context-free Centaur,311,311,69,71,15,1.2890625,True,71,History-Only,json,context_free_eval/wu2018generalisation_exp1_context_free_results.json,,,,
Wu_spatial,wu2018generalisation_exp1,exp1,context_free_centaur,Context-free Centaur,312,312,69,72,13,3.0625,True,72,History-Only,json,context_free_eval/wu2018generalisation_exp1_context_free_results.json,,,,
Wu_spatial,wu2018generalisation_exp1,exp1,context_free_centaur,Context-free Centaur,313,313,69,73,10,2.78125,True,73,History-Only,json,context_free_eval/wu2018generalisation_exp1_context_free_results.json,,,,
Wu_spatial,wu2018generalisation_exp1,exp1,context_free_centaur,Context-free Centaur,314,314,69,74,9,1.1484375,True,74,History-Only,json,context_free_eval/wu2018generalisation_exp1_context_free_results.json,,,,
Wu_spatial,wu2018generalisation_exp1,exp1,context_free_centaur,Context-free Centaur,315,315,69,75,16,3.484375,True,75,History-Only,json,context_free_eval/wu2018generalisation_exp1_context_free_results.json,,,,
Wu_spatial,wu2018generalisation_exp1,exp1,context_free_centaur,Context-free Centaur,316,316,69,76,15,1.46875,True,76,History-Only,json,context_free_eval/wu2018generalisation_exp1_context_free_results.json,,,,
Wu_spatial,wu2018generalisation_exp1,exp1,context_free_centaur,Context-free Centaur,317,317,69,77,14,0.455078125,True,77,History-Only,json,context_free_eval/wu2018generalisation_exp1_context_free_results.json,,,,
Wu_spatial,wu2018generalisation_exp1,exp1,context_free_centaur,Context-free Centaur,318,318,69,78,13,0.5390625,True,78,History-Only,json,context_free_eval/wu2018generalisation_exp1_context_free_results.json,,,,
Wu_spatial,wu2018generalisation_exp1,exp1,context_free_centaur,Context-free Centaur,319,319,69,79,10,3.90625,True,79,History-Only,json,context_free_eval/wu2018generalisation_exp1_context_free_results.json,,,,
Wu_spatial,wu2018generalisation_exp1,exp1,context_free_centaur,Context-free Centaur,320,320,69,80,13,3.40625,True,80,History-Only,json,context_free_eval/wu2018generalisation_exp1_context_free_results.json,,,,
Wu_spatial,wu2018generalisation_exp1,exp1,context_free_centaur,Context-free Centaur,321,321,69,81,14,1.1875,True,81,History-Only,json,context_free_eval/wu2018generalisation_exp1_context_free_results.json,,,,
Wu_spatial,wu2018generalisation_exp1,exp1,context_free_centaur,Context-free Centaur,322,322,69,82,20,5.625,True,82,History-Only,json,context_free_eval/wu2018generalisation_exp1_context_free_results.json,,,,
Wu_spatial,wu2018generalisation_exp1,exp1,context_free_centaur,Context-free Centaur,323,323,69,83,21,0.81640625,True,83,History-Only,json,context_free_eval/wu2018generalisation_exp1_context_free_results.json,,,,
Wu_spatial,wu2018generalisation_exp1,exp1,context_free_centaur,Context-free Centaur,324,324,69,84,19,2.234375,True,84,History-Only,json,context_free_eval/wu2018generalisation_exp1_context_free_results.json,,,,
Wu_spatial,wu2018generalisation_exp1,exp1,context_free_centaur,Context-free Centaur,325,325,69,85,18,0.8359375,True,85,History-Only,json,context_free_eval/wu2018generalisation_exp1_context_free_results.json,,,,
Wu_spatial,wu2018generalisation_exp1,exp1,context_free_centaur,Context-free Centaur,326,326,69,86,22,2.796875,True,86,History-Only,json,context_free_eval/wu2018generalisation_exp1_context_free_results.json,,,,
Wu_spatial,wu2018generalisation_exp1,exp1,context_free_centaur,Context-free Centaur,327,327,69,87,23,0.462890625,True,87,History-Only,json,context_free_eval/wu2018generalisation_exp1_context_free_results.json,,,,
Wu_spatial,wu2018generalisation_exp1,exp1,context_free_centaur,Context-free Centaur,328,328,69,88,24,0.6171875,True,88,History-Only,json,context_free_eval/wu2018generalisation_exp1_context_free_results.json,,,,
Wu_spatial,wu2018generalisation_exp1,exp1,context_free_centaur,Context-free Centaur,329,329,69,89,25,0.4609375,True,89,History-Only,json,context_free_eval/wu2018generalisation_exp1_context_free_results.json,,,,
Wu_spatial,wu2018generalisation_exp1,exp1,context_free_centaur,Context-free Centaur,330,330,69,90,13,3.03125,True,90,History-Only,json,context_free_eval/wu2018generalisation_exp1_context_free_results.json,,,,
Wu_spatial,wu2018generalisation_exp1,exp1,context_free_centaur,Context-free Centaur,331,331,69,91,15,3.078125,True,91,History-Only,json,context_free_eval/wu2018generalisation_exp1_context_free_results.json,,,,
Wu_spatial,wu2018generalisation_exp1,exp1,context_free_centaur,Context-free Centaur,332,332,69,92,16,1.046875,True,92,History-Only,json,context_free_eval/wu2018generalisation_exp1_context_free_results.json,,,,
Wu_spatial,wu2018generalisation_exp1,exp1,context_free_centaur,Context-free Centaur,333,333,69,93,12,4.03125,True,93,History-Only,json,context_free_eval/wu2018generalisation_exp1_context_free_results.json,,,,
Wu_spatial,wu2018generalisation_exp1,exp1,context_free_centaur,Context-free Centaur,334,334,69,94,6,4.71875,True,94,History-Only,json,context_free_eval/wu2018generalisation_exp1_context_free_results.json,,,,
Wu_spatial,wu2018generalisation_exp1,exp1,context_free_centaur,Context-free Centaur,335,335,69,95,28,5.15625,True,95,History-Only,json,context_free_eval/wu2018generalisation_exp1_context_free_results.json,,,,
Wu_spatial,wu2018generalisation_exp1,exp1,context_free_centaur,Context-free Centaur,336,336,69,96,20,4.4375,True,96,History-Only,json,context_free_eval/wu2018generalisation_exp1_context_free_results.json,,,,
Wu_spatial,wu2018generalisation_exp1,exp1,context_free_centaur,Context-free Centaur,337,337,69,97,14,3.34375,True,97,History-Only,json,context_free_eval/wu2018generalisation_exp1_context_free_results.json,,,,
Wu_spatial,wu2018generalisation_exp1,exp1,context_free_centaur,Context-free Centaur,338,338,69,98,13,2.453125,True,98,History-Only,json,context_free_eval/wu2018generalisation_exp1_context_free_results.json,,,,
Wu_spatial,wu2018generalisation_exp1,exp1,context_free_centaur,Context-free Centaur,339,339,69,99,15,2.984375,True,99,History-Only,json,context_free_eval/wu2018generalisation_exp1_context_free_results.json,,,,
Wu_spatial,wu2018generalisation_exp1,exp1,context_free_centaur,Context-free Centaur,340,340,69,100,16,0.90625,True,100,History-Only,json,context_free_eval/wu2018generalisation_exp1_context_free_results.json,,,,
Wu_spatial,wu2018generalisation_exp1,exp1,context_free_centaur,Context-free Centaur,341,341,69,101,17,0.6484375,True,101,History-Only,json,context_free_eval/wu2018generalisation_exp1_context_free_results.json,,,,
Wu_spatial,wu2018generalisation_exp1,exp1,context_free_centaur,Context-free Centaur,342,342,69,102,18,0.421875,True,102,History-Only,json,context_free_eval/wu2018generalisation_exp1_context_free_results.json,,,,
Wu_spatial,wu2018generalisation_exp1,exp1,context_free_centaur,Context-free Centaur,343,343,69,103,8,4.6875,True,103,History-Only,json,context_free_eval/wu2018generalisation_exp1_context_free_results.json,,,,
Wu_spatial,wu2018generalisation_exp1,exp1,context_free_centaur,Context-free Centaur,344,344,69,104,7,1.296875,True,104,History-Only,json,context_free_eval/wu2018generalisation_exp1_context_free_results.json,,,,
Wu_spatial,wu2018generalisation_exp1,exp1,context_free_centaur,Context-free Centaur,345,345,69,105,14,3.015625,True,105,History-Only,json,context_free_eval/wu2018generalisation_exp1_context_free_results.json,,,,
Wu_spatial,wu2018generalisation_exp1,exp1,context_free_centaur,Context-free Centaur,346,346,69,106,15,1.1328125,True,106,History-Only,json,context_free_eval/wu2018generalisation_exp1_context_free_results.json,,,,
Wu_spatial,wu2018generalisation_exp1,exp1,context_free_centaur,Context-free Centaur,347,347,69,107,16,0.6640625,True,107,History-Only,json,context_free_eval/wu2018generalisation_exp1_context_free_results.json,,,,
Wu_spatial,wu2018generalisation_exp1,exp1,context_free_centaur,Context-free Centaur,348,348,69,108,17,0.4765625,True,108,History-Only,json,context_free_eval/wu2018generalisation_exp1_context_free_results.json,,,,
Wu_spatial,wu2018generalisation_exp1,exp1,context_free_centaur,Context-free Centaur,349,349,69,109,13,3.59375,True,109,History-Only,json,context_free_eval/wu2018generalisation_exp1_context_free_results.json,,,,
Wu_spatial,wu2018generalisation_exp1,exp1,context_free_centaur,Context-free Centaur,350,350,69,110,12,3.109375,True,110,History-Only,json,context_free_eval/wu2018generalisation_exp1_context_free_results.json,,,,
Wu_spatial,wu2018generalisation_exp1,exp1,context_free_centaur,Context-free Centaur,351,351,69,111,13,1.25,True,111,History-Only,json,context_free_eval/wu2018generalisation_exp1_context_free_results.json,,,,
Wu_spatial,wu2018generalisation_exp1,exp1,context_free_centaur,Context-free Centaur,352,352,69,112,11,2.390625,True,112,History-Only,json,context_free_eval/wu2018generalisation_exp1_context_free_results.json,,,,
Wu_spatial,wu2018generalisation_exp1,exp1,context_free_centaur,Context-free Centaur,353,353,69,113,10,0.69140625,True,113,History-Only,json,context_free_eval/wu2018generalisation_exp1_context_free_results.json,,,,
Wu_spatial,wu2018generalisation_exp1,exp1,context_free_centaur,Context-free Centaur,354,354,69,114,14,2.84375,True,114,History-Only,json,context_free_eval/wu2018generalisation_exp1_context_free_results.json,,,,
Wu_spatial,wu2018generalisation_exp1,exp1,context_free_centaur,Context-free Centaur,355,355,69,115,19,4.59375,True,115,History-Only,json,context_free_eval/wu2018generalisation_exp1_context_free_results.json,,,,
Wu_spatial,wu2018generalisation_exp1,exp1,context_free_centaur,Context-free Centaur,356,356,69,116,20,0.95703125,True,116,History-Only,json,context_free_eval/wu2018generalisation_exp1_context_free_results.json,,,,
Wu_spatial,wu2018generalisation_exp1,exp1,context_free_centaur,Context-free Centaur,357,357,69,117,18,2.21875,True,117,History-Only,json,context_free_eval/wu2018generalisation_exp1_context_free_results.json,,,,
Wu_spatial,wu2018generalisation_exp1,exp1,context_free_centaur,Context-free Centaur,358,358,69,118,17,0.72265625,True,118,History-Only,json,context_free_eval/wu2018generalisation_exp1_context_free_results.json,,,,
Wu_spatial,wu2018generalisation_exp1,exp1,context_free_centaur,Context-free Centaur,359,359,69,119,21,2.21875,True,119,History-Only,json,context_free_eval/wu2018generalisation_exp1_context_free_results.json,,,,
Wu_spatial,wu2018generalisation_exp1,exp1,centaur_full_context_simulation,Centaur full-context simulation,0,,,,,1.265547752380371,,,,pth,original/results/custom_metrics_full_log_likelihoods_marcelbinz-Llama-3.1-Centaur-70B-adapter.pth,,,,
Wu_spatial,wu2018generalisation_exp1,exp1,centaur_full_context_simulation,Centaur full-context simulation,1,,,,,0.15914900600910187,,,,pth,original/results/custom_metrics_full_log_likelihoods_marcelbinz-Llama-3.1-Centaur-70B-adapter.pth,,,,
Wu_spatial,wu2018generalisation_exp1,exp1,centaur_full_context_simulation,Centaur full-context simulation,2,,,,,0.09706807881593704,,,,pth,original/results/custom_metrics_full_log_likelihoods_marcelbinz-Llama-3.1-Centaur-70B-adapter.pth,,,,
Wu_spatial,wu2018generalisation_exp1,exp1,centaur_full_context_simulation,Centaur full-context simulation,3,,,,,0.39328062534332275,,,,pth,original/results/custom_metrics_full_log_likelihoods_marcelbinz-Llama-3.1-Centaur-70B-adapter.pth,,,,
Wu_spatial,wu2018generalisation_exp1,exp1,centaur_full_context_simulation,Centaur full-context simulation,4,,,,,0.5130630135536194,,,,pth,original/results/custom_metrics_full_log_likelihoods_marcelbinz-Llama-3.1-Centaur-70B-adapter.pth,,,,
Wu_spatial,wu2018generalisation_exp1,exp1,centaur_full_context_simulation,Centaur full-context simulation,5,,,,,5.330226421356201,,,,pth,original/results/custom_metrics_full_log_likelihoods_marcelbinz-Llama-3.1-Centaur-70B-adapter.pth,,,,
Wu_spatial,wu2018generalisation_exp1,exp1,centaur_full_context_simulation,Centaur full-context simulation,6,,,,,3.619509220123291,,,,pth,original/results/custom_metrics_full_log_likelihoods_marcelbinz-Llama-3.1-Centaur-70B-adapter.pth,,,,
Wu_spatial,wu2018generalisation_exp1,exp1,centaur_full_context_simulation,Centaur full-context simulation,7,,,,,3.2287731170654297,,,,pth,original/results/custom_metrics_full_log_likelihoods_marcelbinz-Llama-3.1-Centaur-70B-adapter.pth,,,,
Wu_spatial,wu2018generalisation_exp1,exp1,centaur_full_context_simulation,Centaur full-context simulation,8,,,,,2.552633047103882,,,,pth,original/results/custom_metrics_full_log_likelihoods_marcelbinz-Llama-3.1-Centaur-70B-adapter.pth,,,,
Wu_spatial,wu2018generalisation_exp1,exp1,centaur_full_context_simulation,Centaur full-context simulation,9,,,,,3.976822853088379,,,,pth,original/results/custom_metrics_full_log_likelihoods_marcelbinz-Llama-3.1-Centaur-70B-adapter.pth,,,,
Wu_spatial,wu2018generalisation_exp1,exp1,centaur_full_context_simulation,Centaur full-context simulation,10,,,,,2.2415430545806885,,,,pth,original/results/custom_metrics_full_log_likelihoods_marcelbinz-Llama-3.1-Centaur-70B-adapter.pth,,,,
Wu_spatial,wu2018generalisation_exp1,exp1,centaur_full_context_simulation,Centaur full-context simulation,11,,,,,4.232532501220703,,,,pth,original/results/custom_metrics_full_log_likelihoods_marcelbinz-Llama-3.1-Centaur-70B-adapter.pth,,,,
Wu_spatial,wu2018generalisation_exp1,exp1,centaur_full_context_simulation,Centaur full-context simulation,12,,,,,0.4146357476711273,,,,pth,original/results/custom_metrics_full_log_likelihoods_marcelbinz-Llama-3.1-Centaur-70B-adapter.pth,,,,
Wu_spatial,wu2018generalisation_exp1,exp1,centaur_full_context_simulation,Centaur full-context simulation,13,,,,,4.002963542938232,,,,pth,original/results/custom_metrics_full_log_likelihoods_marcelbinz-Llama-3.1-Centaur-70B-adapter.pth,,,,
Wu_spatial,wu2018generalisation_exp1,exp1,centaur_full_context_simulation,Centaur full-context simulation,14,,,,,3.7060956954956055,,,,pth,original/results/custom_metrics_full_log_likelihoods_marcelbinz-Llama-3.1-Centaur-70B-adapter.pth,,,,
Wu_spatial,wu2018generalisation_exp1,exp1,centaur_full_context_simulation,Centaur full-context simulation,15,,,,,3.9397168159484863,,,,pth,original/results/custom_metrics_full_log_likelihoods_marcelbinz-Llama-3.1-Centaur-70B-adapter.pth,,,,
Wu_spatial,wu2018generalisation_exp1,exp1,centaur_full_context_simulation,Centaur full-context simulation,16,,,,,3.4738194942474365,,,,pth,original/results/custom_metrics_full_log_likelihoods_marcelbinz-Llama-3.1-Centaur-70B-adapter.pth,,,,
Wu_spatial,wu2018generalisation_exp1,exp1,centaur_full_context_simulation,Centaur full-context simulation,17,,,,,3.2145731449127197,,,,pth,original/results/custom_metrics_full_log_likelihoods_marcelbinz-Llama-3.1-Centaur-70B-adapter.pth,,,,
Wu_spatial,wu2018generalisation_exp1,exp1,centaur_full_context_simulation,Centaur full-context simulation,18,,,,,2.7069575786590576,,,,pth,original/results/custom_metrics_full_log_likelihoods_marcelbinz-Llama-3.1-Centaur-70B-adapter.pth,,,,
Wu_spatial,wu2018generalisation_exp1,exp1,centaur_full_context_simulation,Centaur full-context simulation,19,,,,,1.2107269763946533,,,,pth,original/results/custom_metrics_full_log_likelihoods_marcelbinz-Llama-3.1-Centaur-70B-adapter.pth,,,,
Wu_spatial,wu2018generalisation_exp1,exp1,centaur_full_context_simulation,Centaur full-context simulation,20,,,,,3.724398612976074,,,,pth,original/results/custom_metrics_full_log_likelihoods_marcelbinz-Llama-3.1-Centaur-70B-adapter.pth,,,,
Wu_spatial,wu2018generalisation_exp1,exp1,centaur_full_context_simulation,Centaur full-context simulation,21,,,,,0.5093434453010559,,,,pth,original/results/custom_metrics_full_log_likelihoods_marcelbinz-Llama-3.1-Centaur-70B-adapter.pth,,,,
Wu_spatial,wu2018generalisation_exp1,exp1,centaur_full_context_simulation,Centaur full-context simulation,22,,,,,3.8413243293762207,,,,pth,original/results/custom_metrics_full_log_likelihoods_marcelbinz-Llama-3.1-Centaur-70B-adapter.pth,,,,
Wu_spatial,wu2018generalisation_exp1,exp1,centaur_full_context_simulation,Centaur full-context simulation,23,,,,,1.9662137031555176,,,,pth,original/results/custom_metrics_full_log_likelihoods_marcelbinz-Llama-3.1-Centaur-70B-adapter.pth,,,,
Wu_spatial,wu2018generalisation_exp1,exp1,centaur_full_context_simulation,Centaur full-context simulation,24,,,,,0.5900675654411316,,,,pth,original/results/custom_metrics_full_log_likelihoods_marcelbinz-Llama-3.1-Centaur-70B-adapter.pth,,,,
Wu_spatial,wu2018generalisation_exp1,exp1,centaur_full_context_simulation,Centaur full-context simulation,25,,,,,2.747432231903076,,,,pth,original/results/custom_metrics_full_log_likelihoods_marcelbinz-Llama-3.1-Centaur-70B-adapter.pth,,,,
Wu_spatial,wu2018generalisation_exp1,exp1,centaur_full_context_simulation,Centaur full-context simulation,26,,,,,5.614802360534668,,,,pth,original/results/custom_metrics_full_log_likelihoods_marcelbinz-Llama-3.1-Centaur-70B-adapter.pth,,,,
Wu_spatial,wu2018generalisation_exp1,exp1,centaur_full_context_simulation,Centaur full-context simulation,27,,,,,2.731168270111084,,,,pth,original/results/custom_metrics_full_log_likelihoods_marcelbinz-Llama-3.1-Centaur-70B-adapter.pth,,,,
Wu_spatial,wu2018generalisation_exp1,exp1,centaur_full_context_simulation,Centaur full-context simulation,28,,,,,3.2365407943725586,,,,pth,original/results/custom_metrics_full_log_likelihoods_marcelbinz-Llama-3.1-Centaur-70B-adapter.pth,,,,
Wu_spatial,wu2018generalisation_exp1,exp1,centaur_full_context_simulation,Centaur full-context simulation,29,,,,,2.3983380794525146,,,,pth,original/results/custom_metrics_full_log_likelihoods_marcelbinz-Llama-3.1-Centaur-70B-adapter.pth,,,,
Wu_spatial,wu2018generalisation_exp1,exp1,centaur_full_context_simulation,Centaur full-context simulation,30,,,,,2.6358280181884766,,,,pth,original/results/custom_metrics_full_log_likelihoods_marcelbinz-Llama-3.1-Centaur-70B-adapter.pth,,,,
Wu_spatial,wu2018generalisation_exp1,exp1,centaur_full_context_simulation,Centaur full-context simulation,31,,,,,4.24894380569458,,,,pth,original/results/custom_metrics_full_log_likelihoods_marcelbinz-Llama-3.1-Centaur-70B-adapter.pth,,,,
Wu_spatial,wu2018generalisation_exp1,exp1,centaur_full_context_simulation,Centaur full-context simulation,32,,,,,4.80635929107666,,,,pth,original/results/custom_metrics_full_log_likelihoods_marcelbinz-Llama-3.1-Centaur-70B-adapter.pth,,,,
Wu_spatial,wu2018generalisation_exp1,exp1,centaur_full_context_simulation,Centaur full-context simulation,33,,,,,4.1318359375,,,,pth,original/results/custom_metrics_full_log_likelihoods_marcelbinz-Llama-3.1-Centaur-70B-adapter.pth,,,,
Wu_spatial,wu2018generalisation_exp1,exp1,centaur_full_context_simulation,Centaur full-context simulation,34,,,,,3.707005739212036,,,,pth,original/results/custom_metrics_full_log_likelihoods_marcelbinz-Llama-3.1-Centaur-70B-adapter.pth,,,,
Wu_spatial,wu2018generalisation_exp1,exp1,centaur_full_context_simulation,Centaur full-context simulation,35,,,,,1.6264032125473022,,,,pth,original/results/custom_metrics_full_log_likelihoods_marcelbinz-Llama-3.1-Centaur-70B-adapter.pth,,,,
Wu_spatial,wu2018generalisation_exp1,exp1,centaur_full_context_simulation,Centaur full-context simulation,36,,,,,0.5559588074684143,,,,pth,original/results/custom_metrics_full_log_likelihoods_marcelbinz-Llama-3.1-Centaur-70B-adapter.pth,,,,
Wu_spatial,wu2018generalisation_exp1,exp1,centaur_full_context_simulation,Centaur full-context simulation,37,,,,,2.058701753616333,,,,pth,original/results/custom_metrics_full_log_likelihoods_marcelbinz-Llama-3.1-Centaur-70B-adapter.pth,,,,
Wu_spatial,wu2018generalisation_exp1,exp1,centaur_full_context_simulation,Centaur full-context simulation,38,,,,,1.665172815322876,,,,pth,original/results/custom_metrics_full_log_likelihoods_marcelbinz-Llama-3.1-Centaur-70B-adapter.pth,,,,
Wu_spatial,wu2018generalisation_exp1,exp1,centaur_full_context_simulation,Centaur full-context simulation,39,,,,,2.033818244934082,,,,pth,original/results/custom_metrics_full_log_likelihoods_marcelbinz-Llama-3.1-Centaur-70B-adapter.pth,,,,
Wu_spatial,wu2018generalisation_exp1,exp1,centaur_full_context_simulation,Centaur full-context simulation,40,,,,,2.2440953254699707,,,,pth,original/results/custom_metrics_full_log_likelihoods_marcelbinz-Llama-3.1-Centaur-70B-adapter.pth,,,,
Wu_spatial,wu2018generalisation_exp1,exp1,centaur_full_context_simulation,Centaur full-context simulation,41,,,,,3.2982289791107178,,,,pth,original/results/custom_metrics_full_log_likelihoods_marcelbinz-Llama-3.1-Centaur-70B-adapter.pth,,,,
Wu_spatial,wu2018generalisation_exp1,exp1,centaur_full_context_simulation,Centaur full-context simulation,42,,,,,2.368891477584839,,,,pth,original/results/custom_metrics_full_log_likelihoods_marcelbinz-Llama-3.1-Centaur-70B-adapter.pth,,,,
Wu_spatial,wu2018generalisation_exp1,exp1,centaur_full_context_simulation,Centaur full-context simulation,43,,,,,2.488126039505005,,,,pth,original/results/custom_metrics_full_log_likelihoods_marcelbinz-Llama-3.1-Centaur-70B-adapter.pth,,,,
Wu_spatial,wu2018generalisation_exp1,exp1,centaur_full_context_simulation,Centaur full-context simulation,44,,,,,1.7067745923995972,,,,pth,original/results/custom_metrics_full_log_likelihoods_marcelbinz-Llama-3.1-Centaur-70B-adapter.pth,,,,
Wu_spatial,wu2018generalisation_exp1,exp1,centaur_full_context_simulation,Centaur full-context simulation,45,,,,,1.9315197467803955,,,,pth,original/results/custom_metrics_full_log_likelihoods_marcelbinz-Llama-3.1-Centaur-70B-adapter.pth,,,,
Wu_spatial,wu2018generalisation_exp1,exp1,centaur_full_context_simulation,Centaur full-context simulation,46,,,,,3.097637414932251,,,,pth,original/results/custom_metrics_full_log_likelihoods_marcelbinz-Llama-3.1-Centaur-70B-adapter.pth,,,,
Wu_spatial,wu2018generalisation_exp1,exp1,centaur_full_context_simulation,Centaur full-context simulation,47,,,,,2.880492925643921,,,,pth,original/results/custom_metrics_full_log_likelihoods_marcelbinz-Llama-3.1-Centaur-70B-adapter.pth,,,,
Wu_spatial,wu2018generalisation_exp1,exp1,centaur_full_context_simulation,Centaur full-context simulation,48,,,,,0.8931322693824768,,,,pth,original/results/custom_metrics_full_log_likelihoods_marcelbinz-Llama-3.1-Centaur-70B-adapter.pth,,,,
Wu_spatial,wu2018generalisation_exp1,exp1,centaur_full_context_simulation,Centaur full-context simulation,49,,,,,0.6585268378257751,,,,pth,original/results/custom_metrics_full_log_likelihoods_marcelbinz-Llama-3.1-Centaur-70B-adapter.pth,,,,
Wu_spatial,wu2018generalisation_exp1,exp1,centaur_full_context_simulation,Centaur full-context simulation,50,,,,,0.37703999876976013,,,,pth,original/results/custom_metrics_full_log_likelihoods_marcelbinz-Llama-3.1-Centaur-70B-adapter.pth,,,,
Wu_spatial,wu2018generalisation_exp1,exp1,centaur_full_context_simulation,Centaur full-context simulation,51,,,,,1.2519444227218628,,,,pth,original/results/custom_metrics_full_log_likelihoods_marcelbinz-Llama-3.1-Centaur-70B-adapter.pth,,,,
Wu_spatial,wu2018generalisation_exp1,exp1,centaur_full_context_simulation,Centaur full-context simulation,52,,,,,1.6570144891738892,,,,pth,original/results/custom_metrics_full_log_likelihoods_marcelbinz-Llama-3.1-Centaur-70B-adapter.pth,,,,
Wu_spatial,wu2018generalisation_exp1,exp1,centaur_full_context_simulation,Centaur full-context simulation,53,,,,,3.1166274547576904,,,,pth,original/results/custom_metrics_full_log_likelihoods_marcelbinz-Llama-3.1-Centaur-70B-adapter.pth,,,,
Wu_spatial,wu2018generalisation_exp1,exp1,centaur_full_context_simulation,Centaur full-context simulation,54,,,,,1.8649181127548218,,,,pth,original/results/custom_metrics_full_log_likelihoods_marcelbinz-Llama-3.1-Centaur-70B-adapter.pth,,,,
Wu_spatial,wu2018generalisation_exp1,exp1,centaur_full_context_simulation,Centaur full-context simulation,55,,,,,3.3946988582611084,,,,pth,original/results/custom_metrics_full_log_likelihoods_marcelbinz-Llama-3.1-Centaur-70B-adapter.pth,,,,
Wu_spatial,wu2018generalisation_exp1,exp1,centaur_full_context_simulation,Centaur full-context simulation,56,,,,,1.1661368608474731,,,,pth,original/results/custom_metrics_full_log_likelihoods_marcelbinz-Llama-3.1-Centaur-70B-adapter.pth,,,,
Wu_spatial,wu2018generalisation_exp1,exp1,centaur_full_context_simulation,Centaur full-context simulation,57,,,,,0.36775925755500793,,,,pth,original/results/custom_metrics_full_log_likelihoods_marcelbinz-Llama-3.1-Centaur-70B-adapter.pth,,,,
Wu_spatial,wu2018generalisation_exp1,exp1,centaur_full_context_simulation,Centaur full-context simulation,58,,,,,2.747868061065674,,,,pth,original/results/custom_metrics_full_log_likelihoods_marcelbinz-Llama-3.1-Centaur-70B-adapter.pth,,,,
Wu_spatial,wu2018generalisation_exp1,exp1,centaur_full_context_simulation,Centaur full-context simulation,59,,,,,1.6303985118865967,,,,pth,original/results/custom_metrics_full_log_likelihoods_marcelbinz-Llama-3.1-Centaur-70B-adapter.pth,,,,
Wu_spatial,wu2018generalisation_exp1,exp1,centaur_full_context_simulation,Centaur full-context simulation,60,,,,,3.665952205657959,,,,pth,original/results/custom_metrics_full_log_likelihoods_marcelbinz-Llama-3.1-Centaur-70B-adapter.pth,,,,
Wu_spatial,wu2018generalisation_exp1,exp1,centaur_full_context_simulation,Centaur full-context simulation,61,,,,,2.7805898189544678,,,,pth,original/results/custom_metrics_full_log_likelihoods_marcelbinz-Llama-3.1-Centaur-70B-adapter.pth,,,,
Wu_spatial,wu2018generalisation_exp1,exp1,centaur_full_context_simulation,Centaur full-context simulation,62,,,,,2.734339714050293,,,,pth,original/results/custom_metrics_full_log_likelihoods_marcelbinz-Llama-3.1-Centaur-70B-adapter.pth,,,,
Wu_spatial,wu2018generalisation_exp1,exp1,centaur_full_context_simulation,Centaur full-context simulation,63,,,,,4.162173271179199,,,,pth,original/results/custom_metrics_full_log_likelihoods_marcelbinz-Llama-3.1-Centaur-70B-adapter.pth,,,,
Wu_spatial,wu2018generalisation_exp1,exp1,centaur_full_context_simulation,Centaur full-context simulation,64,,,,,2.554638385772705,,,,pth,original/results/custom_metrics_full_log_likelihoods_marcelbinz-Llama-3.1-Centaur-70B-adapter.pth,,,,
Wu_spatial,wu2018generalisation_exp1,exp1,centaur_full_context_simulation,Centaur full-context simulation,65,,,,,1.3976662158966064,,,,pth,original/results/custom_metrics_full_log_likelihoods_marcelbinz-Llama-3.1-Centaur-70B-adapter.pth,,,,
Wu_spatial,wu2018generalisation_exp1,exp1,centaur_full_context_simulation,Centaur full-context simulation,66,,,,,2.4647741317749023,,,,pth,original/results/custom_metrics_full_log_likelihoods_marcelbinz-Llama-3.1-Centaur-70B-adapter.pth,,,,
Wu_spatial,wu2018generalisation_exp1,exp1,centaur_full_context_simulation,Centaur full-context simulation,67,,,,,4.737107276916504,,,,pth,original/results/custom_metrics_full_log_likelihoods_marcelbinz-Llama-3.1-Centaur-70B-adapter.pth,,,,
Wu_spatial,wu2018generalisation_exp1,exp1,centaur_full_context_simulation,Centaur full-context simulation,68,,,,,1.2385541200637817,,,,pth,original/results/custom_metrics_full_log_likelihoods_marcelbinz-Llama-3.1-Centaur-70B-adapter.pth,,,,
Wu_spatial,wu2018generalisation_exp1,exp1,centaur_full_context_simulation,Centaur full-context simulation,69,,,,,3.698451519012451,,,,pth,original/results/custom_metrics_full_log_likelihoods_marcelbinz-Llama-3.1-Centaur-70B-adapter.pth,,,,
Wu_spatial,wu2018generalisation_exp1,exp1,centaur_full_context_simulation,Centaur full-context simulation,70,,,,,2.944775104522705,,,,pth,original/results/custom_metrics_full_log_likelihoods_marcelbinz-Llama-3.1-Centaur-70B-adapter.pth,,,,
Wu_spatial,wu2018generalisation_exp1,exp1,centaur_full_context_simulation,Centaur full-context simulation,71,,,,,2.2850043773651123,,,,pth,original/results/custom_metrics_full_log_likelihoods_marcelbinz-Llama-3.1-Centaur-70B-adapter.pth,,,,
Wu_spatial,wu2018generalisation_exp1,exp1,centaur_full_context_simulation,Centaur full-context simulation,72,,,,,2.6610159873962402,,,,pth,original/results/custom_metrics_full_log_likelihoods_marcelbinz-Llama-3.1-Centaur-70B-adapter.pth,,,,
Wu_spatial,wu2018generalisation_exp1,exp1,centaur_full_context_simulation,Centaur full-context simulation,73,,,,,1.4272552728652954,,,,pth,original/results/custom_metrics_full_log_likelihoods_marcelbinz-Llama-3.1-Centaur-70B-adapter.pth,,,,
Wu_spatial,wu2018generalisation_exp1,exp1,centaur_full_context_simulation,Centaur full-context simulation,74,,,,,4.447357654571533,,,,pth,original/results/custom_metrics_full_log_likelihoods_marcelbinz-Llama-3.1-Centaur-70B-adapter.pth,,,,
Wu_spatial,wu2018generalisation_exp1,exp1,centaur_full_context_simulation,Centaur full-context simulation,75,,,,,2.3844046592712402,,,,pth,original/results/custom_metrics_full_log_likelihoods_marcelbinz-Llama-3.1-Centaur-70B-adapter.pth,,,,
Wu_spatial,wu2018generalisation_exp1,exp1,centaur_full_context_simulation,Centaur full-context simulation,76,,,,,1.8055613040924072,,,,pth,original/results/custom_metrics_full_log_likelihoods_marcelbinz-Llama-3.1-Centaur-70B-adapter.pth,,,,
Wu_spatial,wu2018generalisation_exp1,exp1,centaur_full_context_simulation,Centaur full-context simulation,77,,,,,2.0450267791748047,,,,pth,original/results/custom_metrics_full_log_likelihoods_marcelbinz-Llama-3.1-Centaur-70B-adapter.pth,,,,
Wu_spatial,wu2018generalisation_exp1,exp1,centaur_full_context_simulation,Centaur full-context simulation,78,,,,,4.076480388641357,,,,pth,original/results/custom_metrics_full_log_likelihoods_marcelbinz-Llama-3.1-Centaur-70B-adapter.pth,,,,
Wu_spatial,wu2018generalisation_exp1,exp1,centaur_full_context_simulation,Centaur full-context simulation,79,,,,,4.044737815856934,,,,pth,original/results/custom_metrics_full_log_likelihoods_marcelbinz-Llama-3.1-Centaur-70B-adapter.pth,,,,
Wu_spatial,wu2018generalisation_exp1,exp1,centaur_full_context_simulation,Centaur full-context simulation,80,,,,,2.6045093536376953,,,,pth,original/results/custom_metrics_full_log_likelihoods_marcelbinz-Llama-3.1-Centaur-70B-adapter.pth,,,,
Wu_spatial,wu2018generalisation_exp1,exp1,centaur_full_context_simulation,Centaur full-context simulation,81,,,,,4.292781829833984,,,,pth,original/results/custom_metrics_full_log_likelihoods_marcelbinz-Llama-3.1-Centaur-70B-adapter.pth,,,,
Wu_spatial,wu2018generalisation_exp1,exp1,centaur_full_context_simulation,Centaur full-context simulation,82,,,,,1.131696105003357,,,,pth,original/results/custom_metrics_full_log_likelihoods_marcelbinz-Llama-3.1-Centaur-70B-adapter.pth,,,,
Wu_spatial,wu2018generalisation_exp1,exp1,centaur_full_context_simulation,Centaur full-context simulation,83,,,,,0.9304348826408386,,,,pth,original/results/custom_metrics_full_log_likelihoods_marcelbinz-Llama-3.1-Centaur-70B-adapter.pth,,,,
Wu_spatial,wu2018generalisation_exp1,exp1,centaur_full_context_simulation,Centaur full-context simulation,84,,,,,3.7699897289276123,,,,pth,original/results/custom_metrics_full_log_likelihoods_marcelbinz-Llama-3.1-Centaur-70B-adapter.pth,,,,
Wu_spatial,wu2018generalisation_exp1,exp1,centaur_full_context_simulation,Centaur full-context simulation,85,,,,,2.2897603511810303,,,,pth,original/results/custom_metrics_full_log_likelihoods_marcelbinz-Llama-3.1-Centaur-70B-adapter.pth,,,,
Wu_spatial,wu2018generalisation_exp1,exp1,centaur_full_context_simulation,Centaur full-context simulation,86,,,,,1.6332906484603882,,,,pth,original/results/custom_metrics_full_log_likelihoods_marcelbinz-Llama-3.1-Centaur-70B-adapter.pth,,,,
Wu_spatial,wu2018generalisation_exp1,exp1,centaur_full_context_simulation,Centaur full-context simulation,87,,,,,3.1864237785339355,,,,pth,original/results/custom_metrics_full_log_likelihoods_marcelbinz-Llama-3.1-Centaur-70B-adapter.pth,,,,
Wu_spatial,wu2018generalisation_exp1,exp1,centaur_full_context_simulation,Centaur full-context simulation,88,,,,,2.2541184425354004,,,,pth,original/results/custom_metrics_full_log_likelihoods_marcelbinz-Llama-3.1-Centaur-70B-adapter.pth,,,,
Wu_spatial,wu2018generalisation_exp1,exp1,centaur_full_context_simulation,Centaur full-context simulation,89,,,,,4.499022483825684,,,,pth,original/results/custom_metrics_full_log_likelihoods_marcelbinz-Llama-3.1-Centaur-70B-adapter.pth,,,,
Wu_spatial,wu2018generalisation_exp1,exp1,centaur_full_context_simulation,Centaur full-context simulation,90,,,,,4.046060085296631,,,,pth,original/results/custom_metrics_full_log_likelihoods_marcelbinz-Llama-3.1-Centaur-70B-adapter.pth,,,,
Wu_spatial,wu2018generalisation_exp1,exp1,centaur_full_context_simulation,Centaur full-context simulation,91,,,,,1.804843783378601,,,,pth,original/results/custom_metrics_full_log_likelihoods_marcelbinz-Llama-3.1-Centaur-70B-adapter.pth,,,,
Wu_spatial,wu2018generalisation_exp1,exp1,centaur_full_context_simulation,Centaur full-context simulation,92,,,,,1.4403290748596191,,,,pth,original/results/custom_metrics_full_log_likelihoods_marcelbinz-Llama-3.1-Centaur-70B-adapter.pth,,,,
Wu_spatial,wu2018generalisation_exp1,exp1,centaur_full_context_simulation,Centaur full-context simulation,93,,,,,1.0731111764907837,,,,pth,original/results/custom_metrics_full_log_likelihoods_marcelbinz-Llama-3.1-Centaur-70B-adapter.pth,,,,
Wu_spatial,wu2018generalisation_exp1,exp1,centaur_full_context_simulation,Centaur full-context simulation,94,,,,,1.0089969635009766,,,,pth,original/results/custom_metrics_full_log_likelihoods_marcelbinz-Llama-3.1-Centaur-70B-adapter.pth,,,,
Wu_spatial,wu2018generalisation_exp1,exp1,centaur_full_context_simulation,Centaur full-context simulation,95,,,,,0.6798211932182312,,,,pth,original/results/custom_metrics_full_log_likelihoods_marcelbinz-Llama-3.1-Centaur-70B-adapter.pth,,,,
Wu_spatial,wu2018generalisation_exp1,exp1,centaur_full_context_simulation,Centaur full-context simulation,96,,,,,1.9459937810897827,,,,pth,original/results/custom_metrics_full_log_likelihoods_marcelbinz-Llama-3.1-Centaur-70B-adapter.pth,,,,
Wu_spatial,wu2018generalisation_exp1,exp1,centaur_full_context_simulation,Centaur full-context simulation,97,,,,,3.6810805797576904,,,,pth,original/results/custom_metrics_full_log_likelihoods_marcelbinz-Llama-3.1-Centaur-70B-adapter.pth,,,,
Wu_spatial,wu2018generalisation_exp1,exp1,centaur_full_context_simulation,Centaur full-context simulation,98,,,,,2.891231060028076,,,,pth,original/results/custom_metrics_full_log_likelihoods_marcelbinz-Llama-3.1-Centaur-70B-adapter.pth,,,,
Wu_spatial,wu2018generalisation_exp1,exp1,centaur_full_context_simulation,Centaur full-context simulation,99,,,,,1.9679455757141113,,,,pth,original/results/custom_metrics_full_log_likelihoods_marcelbinz-Llama-3.1-Centaur-70B-adapter.pth,,,,
Wu_spatial,wu2018generalisation_exp1,exp1,centaur_full_context_simulation,Centaur full-context simulation,100,,,,,2.4742343425750732,,,,pth,original/results/custom_metrics_full_log_likelihoods_marcelbinz-Llama-3.1-Centaur-70B-adapter.pth,,,,
Wu_spatial,wu2018generalisation_exp1,exp1,centaur_full_context_simulation,Centaur full-context simulation,101,,,,,2.509753465652466,,,,pth,original/results/custom_metrics_full_log_likelihoods_marcelbinz-Llama-3.1-Centaur-70B-adapter.pth,,,,
Wu_spatial,wu2018generalisation_exp1,exp1,centaur_full_context_simulation,Centaur full-context simulation,102,,,,,0.8290138244628906,,,,pth,original/results/custom_metrics_full_log_likelihoods_marcelbinz-Llama-3.1-Centaur-70B-adapter.pth,,,,
Wu_spatial,wu2018generalisation_exp1,exp1,centaur_full_context_simulation,Centaur full-context simulation,103,,,,,0.4817174971103668,,,,pth,original/results/custom_metrics_full_log_likelihoods_marcelbinz-Llama-3.1-Centaur-70B-adapter.pth,,,,
Wu_spatial,wu2018generalisation_exp1,exp1,centaur_full_context_simulation,Centaur full-context simulation,104,,,,,2.018643617630005,,,,pth,original/results/custom_metrics_full_log_likelihoods_marcelbinz-Llama-3.1-Centaur-70B-adapter.pth,,,,
Wu_spatial,wu2018generalisation_exp1,exp1,centaur_full_context_simulation,Centaur full-context simulation,105,,,,,1.6226818561553955,,,,pth,original/results/custom_metrics_full_log_likelihoods_marcelbinz-Llama-3.1-Centaur-70B-adapter.pth,,,,
Wu_spatial,wu2018generalisation_exp1,exp1,centaur_full_context_simulation,Centaur full-context simulation,106,,,,,2.007181167602539,,,,pth,original/results/custom_metrics_full_log_likelihoods_marcelbinz-Llama-3.1-Centaur-70B-adapter.pth,,,,
Wu_spatial,wu2018generalisation_exp1,exp1,centaur_full_context_simulation,Centaur full-context simulation,107,,,,,0.8437455892562866,,,,pth,original/results/custom_metrics_full_log_likelihoods_marcelbinz-Llama-3.1-Centaur-70B-adapter.pth,,,,
Wu_spatial,wu2018generalisation_exp1,exp1,centaur_full_context_simulation,Centaur full-context simulation,108,,,,,1.5348515510559082,,,,pth,original/results/custom_metrics_full_log_likelihoods_marcelbinz-Llama-3.1-Centaur-70B-adapter.pth,,,,
Wu_spatial,wu2018generalisation_exp1,exp1,centaur_full_context_simulation,Centaur full-context simulation,109,,,,,4.045899391174316,,,,pth,original/results/custom_metrics_full_log_likelihoods_marcelbinz-Llama-3.1-Centaur-70B-adapter.pth,,,,
Wu_spatial,wu2018generalisation_exp1,exp1,centaur_full_context_simulation,Centaur full-context simulation,110,,,,,5.7702507972717285,,,,pth,original/results/custom_metrics_full_log_likelihoods_marcelbinz-Llama-3.1-Centaur-70B-adapter.pth,,,,
Wu_spatial,wu2018generalisation_exp1,exp1,centaur_full_context_simulation,Centaur full-context simulation,111,,,,,2.0508475303649902,,,,pth,original/results/custom_metrics_full_log_likelihoods_marcelbinz-Llama-3.1-Centaur-70B-adapter.pth,,,,
Wu_spatial,wu2018generalisation_exp1,exp1,centaur_full_context_simulation,Centaur full-context simulation,112,,,,,3.971663236618042,,,,pth,original/results/custom_metrics_full_log_likelihoods_marcelbinz-Llama-3.1-Centaur-70B-adapter.pth,,,,
Wu_spatial,wu2018generalisation_exp1,exp1,centaur_full_context_simulation,Centaur full-context simulation,113,,,,,0.9491558074951172,,,,pth,original/results/custom_metrics_full_log_likelihoods_marcelbinz-Llama-3.1-Centaur-70B-adapter.pth,,,,
Wu_spatial,wu2018generalisation_exp1,exp1,centaur_full_context_simulation,Centaur full-context simulation,114,,,,,0.862761914730072,,,,pth,original/results/custom_metrics_full_log_likelihoods_marcelbinz-Llama-3.1-Centaur-70B-adapter.pth,,,,
Wu_spatial,wu2018generalisation_exp1,exp1,centaur_full_context_simulation,Centaur full-context simulation,115,,,,,2.833303928375244,,,,pth,original/results/custom_metrics_full_log_likelihoods_marcelbinz-Llama-3.1-Centaur-70B-adapter.pth,,,,
Wu_spatial,wu2018generalisation_exp1,exp1,centaur_full_context_simulation,Centaur full-context simulation,116,,,,,2.444312572479248,,,,pth,original/results/custom_metrics_full_log_likelihoods_marcelbinz-Llama-3.1-Centaur-70B-adapter.pth,,,,
Wu_spatial,wu2018generalisation_exp1,exp1,centaur_full_context_simulation,Centaur full-context simulation,117,,,,,4.1173200607299805,,,,pth,original/results/custom_metrics_full_log_likelihoods_marcelbinz-Llama-3.1-Centaur-70B-adapter.pth,,,,
Wu_spatial,wu2018generalisation_exp1,exp1,centaur_full_context_simulation,Centaur full-context simulation,118,,,,,2.9572484493255615,,,,pth,original/results/custom_metrics_full_log_likelihoods_marcelbinz-Llama-3.1-Centaur-70B-adapter.pth,,,,
Wu_spatial,wu2018generalisation_exp1,exp1,centaur_full_context_simulation,Centaur full-context simulation,119,,,,,1.9405367374420166,,,,pth,original/results/custom_metrics_full_log_likelihoods_marcelbinz-Llama-3.1-Centaur-70B-adapter.pth,,,,
Wu_spatial,wu2018generalisation_exp1,exp1,centaur_full_context_simulation,Centaur full-context simulation,120,,,,,5.046394348144531,,,,pth,original/results/custom_metrics_full_log_likelihoods_marcelbinz-Llama-3.1-Centaur-70B-adapter.pth,,,,
Wu_spatial,wu2018generalisation_exp1,exp1,centaur_full_context_simulation,Centaur full-context simulation,121,,,,,1.0079345703125,,,,pth,original/results/custom_metrics_full_log_likelihoods_marcelbinz-Llama-3.1-Centaur-70B-adapter.pth,,,,
Wu_spatial,wu2018generalisation_exp1,exp1,centaur_full_context_simulation,Centaur full-context simulation,122,,,,,0.6144574284553528,,,,pth,original/results/custom_metrics_full_log_likelihoods_marcelbinz-Llama-3.1-Centaur-70B-adapter.pth,,,,
Wu_spatial,wu2018generalisation_exp1,exp1,centaur_full_context_simulation,Centaur full-context simulation,123,,,,,1.606454610824585,,,,pth,original/results/custom_metrics_full_log_likelihoods_marcelbinz-Llama-3.1-Centaur-70B-adapter.pth,,,,
Wu_spatial,wu2018generalisation_exp1,exp1,centaur_full_context_simulation,Centaur full-context simulation,124,,,,,0.43012741208076477,,,,pth,original/results/custom_metrics_full_log_likelihoods_marcelbinz-Llama-3.1-Centaur-70B-adapter.pth,,,,
Wu_spatial,wu2018generalisation_exp1,exp1,centaur_full_context_simulation,Centaur full-context simulation,125,,,,,0.8193759918212891,,,,pth,original/results/custom_metrics_full_log_likelihoods_marcelbinz-Llama-3.1-Centaur-70B-adapter.pth,,,,
Wu_spatial,wu2018generalisation_exp1,exp1,centaur_full_context_simulation,Centaur full-context simulation,126,,,,,1.0436036586761475,,,,pth,original/results/custom_metrics_full_log_likelihoods_marcelbinz-Llama-3.1-Centaur-70B-adapter.pth,,,,
Wu_spatial,wu2018generalisation_exp1,exp1,centaur_full_context_simulation,Centaur full-context simulation,127,,,,,2.808922290802002,,,,pth,original/results/custom_metrics_full_log_likelihoods_marcelbinz-Llama-3.1-Centaur-70B-adapter.pth,,,,
Wu_spatial,wu2018generalisation_exp1,exp1,centaur_full_context_simulation,Centaur full-context simulation,128,,,,,3.3037142753601074,,,,pth,original/results/custom_metrics_full_log_likelihoods_marcelbinz-Llama-3.1-Centaur-70B-adapter.pth,,,,
Wu_spatial,wu2018generalisation_exp1,exp1,centaur_full_context_simulation,Centaur full-context simulation,129,,,,,2.249997615814209,,,,pth,original/results/custom_metrics_full_log_likelihoods_marcelbinz-Llama-3.1-Centaur-70B-adapter.pth,,,,
Wu_spatial,wu2018generalisation_exp1,exp1,centaur_full_context_simulation,Centaur full-context simulation,130,,,,,3.4084854125976562,,,,pth,original/results/custom_metrics_full_log_likelihoods_marcelbinz-Llama-3.1-Centaur-70B-adapter.pth,,,,
Wu_spatial,wu2018generalisation_exp1,exp1,centaur_full_context_simulation,Centaur full-context simulation,131,,,,,1.3802369832992554,,,,pth,original/results/custom_metrics_full_log_likelihoods_marcelbinz-Llama-3.1-Centaur-70B-adapter.pth,,,,
Wu_spatial,wu2018generalisation_exp1,exp1,centaur_full_context_simulation,Centaur full-context simulation,132,,,,,2.0905861854553223,,,,pth,original/results/custom_metrics_full_log_likelihoods_marcelbinz-Llama-3.1-Centaur-70B-adapter.pth,,,,
Wu_spatial,wu2018generalisation_exp1,exp1,centaur_full_context_simulation,Centaur full-context simulation,133,,,,,0.701879620552063,,,,pth,original/results/custom_metrics_full_log_likelihoods_marcelbinz-Llama-3.1-Centaur-70B-adapter.pth,,,,
Wu_spatial,wu2018generalisation_exp1,exp1,centaur_full_context_simulation,Centaur full-context simulation,134,,,,,0.1428680419921875,,,,pth,original/results/custom_metrics_full_log_likelihoods_marcelbinz-Llama-3.1-Centaur-70B-adapter.pth,,,,
Wu_spatial,wu2018generalisation_exp1,exp1,centaur_full_context_simulation,Centaur full-context simulation,135,,,,,2.6323180198669434,,,,pth,original/results/custom_metrics_full_log_likelihoods_marcelbinz-Llama-3.1-Centaur-70B-adapter.pth,,,,
Wu_spatial,wu2018generalisation_exp1,exp1,centaur_full_context_simulation,Centaur full-context simulation,136,,,,,3.649061441421509,,,,pth,original/results/custom_metrics_full_log_likelihoods_marcelbinz-Llama-3.1-Centaur-70B-adapter.pth,,,,
Wu_spatial,wu2018generalisation_exp1,exp1,centaur_full_context_simulation,Centaur full-context simulation,137,,,,,2.0345544815063477,,,,pth,original/results/custom_metrics_full_log_likelihoods_marcelbinz-Llama-3.1-Centaur-70B-adapter.pth,,,,
Wu_spatial,wu2018generalisation_exp1,exp1,centaur_full_context_simulation,Centaur full-context simulation,138,,,,,0.3979126513004303,,,,pth,original/results/custom_metrics_full_log_likelihoods_marcelbinz-Llama-3.1-Centaur-70B-adapter.pth,,,,
Wu_spatial,wu2018generalisation_exp1,exp1,centaur_full_context_simulation,Centaur full-context simulation,139,,,,,0.22940745949745178,,,,pth,original/results/custom_metrics_full_log_likelihoods_marcelbinz-Llama-3.1-Centaur-70B-adapter.pth,,,,
Wu_spatial,wu2018generalisation_exp1,exp1,centaur_full_context_simulation,Centaur full-context simulation,140,,,,,0.9036263823509216,,,,pth,original/results/custom_metrics_full_log_likelihoods_marcelbinz-Llama-3.1-Centaur-70B-adapter.pth,,,,
Wu_spatial,wu2018generalisation_exp1,exp1,centaur_full_context_simulation,Centaur full-context simulation,141,,,,,3.7820417881011963,,,,pth,original/results/custom_metrics_full_log_likelihoods_marcelbinz-Llama-3.1-Centaur-70B-adapter.pth,,,,
Wu_spatial,wu2018generalisation_exp1,exp1,centaur_full_context_simulation,Centaur full-context simulation,142,,,,,0.8412328958511353,,,,pth,original/results/custom_metrics_full_log_likelihoods_marcelbinz-Llama-3.1-Centaur-70B-adapter.pth,,,,
Wu_spatial,wu2018generalisation_exp1,exp1,centaur_full_context_simulation,Centaur full-context simulation,143,,,,,2.2346091270446777,,,,pth,original/results/custom_metrics_full_log_likelihoods_marcelbinz-Llama-3.1-Centaur-70B-adapter.pth,,,,
Wu_spatial,wu2018generalisation_exp1,exp1,centaur_full_context_simulation,Centaur full-context simulation,144,,,,,3.217010021209717,,,,pth,original/results/custom_metrics_full_log_likelihoods_marcelbinz-Llama-3.1-Centaur-70B-adapter.pth,,,,
Wu_spatial,wu2018generalisation_exp1,exp1,centaur_full_context_simulation,Centaur full-context simulation,145,,,,,4.169132232666016,,,,pth,original/results/custom_metrics_full_log_likelihoods_marcelbinz-Llama-3.1-Centaur-70B-adapter.pth,,,,
Wu_spatial,wu2018generalisation_exp1,exp1,centaur_full_context_simulation,Centaur full-context simulation,146,,,,,1.6875112056732178,,,,pth,original/results/custom_metrics_full_log_likelihoods_marcelbinz-Llama-3.1-Centaur-70B-adapter.pth,,,,
Wu_spatial,wu2018generalisation_exp1,exp1,centaur_full_context_simulation,Centaur full-context simulation,147,,,,,0.26218411326408386,,,,pth,original/results/custom_metrics_full_log_likelihoods_marcelbinz-Llama-3.1-Centaur-70B-adapter.pth,,,,
Wu_spatial,wu2018generalisation_exp1,exp1,centaur_full_context_simulation,Centaur full-context simulation,148,,,,,0.1219656765460968,,,,pth,original/results/custom_metrics_full_log_likelihoods_marcelbinz-Llama-3.1-Centaur-70B-adapter.pth,,,,
Wu_spatial,wu2018generalisation_exp1,exp1,centaur_full_context_simulation,Centaur full-context simulation,149,,,,,1.246403694152832,,,,pth,original/results/custom_metrics_full_log_likelihoods_marcelbinz-Llama-3.1-Centaur-70B-adapter.pth,,,,
Wu_spatial,wu2018generalisation_exp1,exp1,centaur_full_context_simulation,Centaur full-context simulation,150,,,,,1.3195087909698486,,,,pth,original/results/custom_metrics_full_log_likelihoods_marcelbinz-Llama-3.1-Centaur-70B-adapter.pth,,,,
Wu_spatial,wu2018generalisation_exp1,exp1,centaur_full_context_simulation,Centaur full-context simulation,151,,,,,0.07642239332199097,,,,pth,original/results/custom_metrics_full_log_likelihoods_marcelbinz-Llama-3.1-Centaur-70B-adapter.pth,,,,
Wu_spatial,wu2018generalisation_exp1,exp1,centaur_full_context_simulation,Centaur full-context simulation,152,,,,,0.020790155977010727,,,,pth,original/results/custom_metrics_full_log_likelihoods_marcelbinz-Llama-3.1-Centaur-70B-adapter.pth,,,,
Wu_spatial,wu2018generalisation_exp1,exp1,centaur_full_context_simulation,Centaur full-context simulation,153,,,,,0.0893542543053627,,,,pth,original/results/custom_metrics_full_log_likelihoods_marcelbinz-Llama-3.1-Centaur-70B-adapter.pth,,,,
Wu_spatial,wu2018generalisation_exp1,exp1,centaur_full_context_simulation,Centaur full-context simulation,154,,,,,0.4450087547302246,,,,pth,original/results/custom_metrics_full_log_likelihoods_marcelbinz-Llama-3.1-Centaur-70B-adapter.pth,,,,
Wu_spatial,wu2018generalisation_exp1,exp1,centaur_full_context_simulation,Centaur full-context simulation,155,,,,,1.0395749807357788,,,,pth,original/results/custom_metrics_full_log_likelihoods_marcelbinz-Llama-3.1-Centaur-70B-adapter.pth,,,,
Wu_spatial,wu2018generalisation_exp1,exp1,centaur_full_context_simulation,Centaur full-context simulation,156,,,,,3.8494670391082764,,,,pth,original/results/custom_metrics_full_log_likelihoods_marcelbinz-Llama-3.1-Centaur-70B-adapter.pth,,,,
Wu_spatial,wu2018generalisation_exp1,exp1,centaur_full_context_simulation,Centaur full-context simulation,157,,,,,0.24145647883415222,,,,pth,original/results/custom_metrics_full_log_likelihoods_marcelbinz-Llama-3.1-Centaur-70B-adapter.pth,,,,
Wu_spatial,wu2018generalisation_exp1,exp1,centaur_full_context_simulation,Centaur full-context simulation,158,,,,,0.42172881960868835,,,,pth,original/results/custom_metrics_full_log_likelihoods_marcelbinz-Llama-3.1-Centaur-70B-adapter.pth,,,,
Wu_spatial,wu2018generalisation_exp1,exp1,centaur_full_context_simulation,Centaur full-context simulation,159,,,,,0.9396440386772156,,,,pth,original/results/custom_metrics_full_log_likelihoods_marcelbinz-Llama-3.1-Centaur-70B-adapter.pth,,,,
Wu_spatial,wu2018generalisation_exp1,exp1,centaur_full_context_simulation,Centaur full-context simulation,160,,,,,0.8785127997398376,,,,pth,original/results/custom_metrics_full_log_likelihoods_marcelbinz-Llama-3.1-Centaur-70B-adapter.pth,,,,
Wu_spatial,wu2018generalisation_exp1,exp1,centaur_full_context_simulation,Centaur full-context simulation,161,,,,,0.060116466134786606,,,,pth,original/results/custom_metrics_full_log_likelihoods_marcelbinz-Llama-3.1-Centaur-70B-adapter.pth,,,,
Wu_spatial,wu2018generalisation_exp1,exp1,centaur_full_context_simulation,Centaur full-context simulation,162,,,,,0.0738302543759346,,,,pth,original/results/custom_metrics_full_log_likelihoods_marcelbinz-Llama-3.1-Centaur-70B-adapter.pth,,,,
Wu_spatial,wu2018generalisation_exp1,exp1,centaur_full_context_simulation,Centaur full-context simulation,163,,,,,5.469283103942871,,,,pth,original/results/custom_metrics_full_log_likelihoods_marcelbinz-Llama-3.1-Centaur-70B-adapter.pth,,,,
Wu_spatial,wu2018generalisation_exp1,exp1,centaur_full_context_simulation,Centaur full-context simulation,164,,,,,0.36783790588378906,,,,pth,original/results/custom_metrics_full_log_likelihoods_marcelbinz-Llama-3.1-Centaur-70B-adapter.pth,,,,
Wu_spatial,wu2018generalisation_exp1,exp1,centaur_full_context_simulation,Centaur full-context simulation,165,,,,,1.4887621402740479,,,,pth,original/results/custom_metrics_full_log_likelihoods_marcelbinz-Llama-3.1-Centaur-70B-adapter.pth,,,,
Wu_spatial,wu2018generalisation_exp1,exp1,centaur_full_context_simulation,Centaur full-context simulation,166,,,,,5.534573078155518,,,,pth,original/results/custom_metrics_full_log_likelihoods_marcelbinz-Llama-3.1-Centaur-70B-adapter.pth,,,,
Wu_spatial,wu2018generalisation_exp1,exp1,centaur_full_context_simulation,Centaur full-context simulation,167,,,,,2.6922342777252197,,,,pth,original/results/custom_metrics_full_log_likelihoods_marcelbinz-Llama-3.1-Centaur-70B-adapter.pth,,,,
Wu_spatial,wu2018generalisation_exp1,exp1,centaur_full_context_simulation,Centaur full-context simulation,168,,,,,2.690121650695801,,,,pth,original/results/custom_metrics_full_log_likelihoods_marcelbinz-Llama-3.1-Centaur-70B-adapter.pth,,,,
Wu_spatial,wu2018generalisation_exp1,exp1,centaur_full_context_simulation,Centaur full-context simulation,169,,,,,1.6917437314987183,,,,pth,original/results/custom_metrics_full_log_likelihoods_marcelbinz-Llama-3.1-Centaur-70B-adapter.pth,,,,
Wu_spatial,wu2018generalisation_exp1,exp1,centaur_full_context_simulation,Centaur full-context simulation,170,,,,,3.431149959564209,,,,pth,original/results/custom_metrics_full_log_likelihoods_marcelbinz-Llama-3.1-Centaur-70B-adapter.pth,,,,
Wu_spatial,wu2018generalisation_exp1,exp1,centaur_full_context_simulation,Centaur full-context simulation,171,,,,,0.35846179723739624,,,,pth,original/results/custom_metrics_full_log_likelihoods_marcelbinz-Llama-3.1-Centaur-70B-adapter.pth,,,,
Wu_spatial,wu2018generalisation_exp1,exp1,centaur_full_context_simulation,Centaur full-context simulation,172,,,,,0.27839091420173645,,,,pth,original/results/custom_metrics_full_log_likelihoods_marcelbinz-Llama-3.1-Centaur-70B-adapter.pth,,,,
Wu_spatial,wu2018generalisation_exp1,exp1,centaur_full_context_simulation,Centaur full-context simulation,173,,,,,0.322292685508728,,,,pth,original/results/custom_metrics_full_log_likelihoods_marcelbinz-Llama-3.1-Centaur-70B-adapter.pth,,,,
Wu_spatial,wu2018generalisation_exp1,exp1,centaur_full_context_simulation,Centaur full-context simulation,174,,,,,2.847799062728882,,,,pth,original/results/custom_metrics_full_log_likelihoods_marcelbinz-Llama-3.1-Centaur-70B-adapter.pth,,,,
Wu_spatial,wu2018generalisation_exp1,exp1,centaur_full_context_simulation,Centaur full-context simulation,175,,,,,2.6065635681152344,,,,pth,original/results/custom_metrics_full_log_likelihoods_marcelbinz-Llama-3.1-Centaur-70B-adapter.pth,,,,
Wu_spatial,wu2018generalisation_exp1,exp1,centaur_full_context_simulation,Centaur full-context simulation,176,,,,,0.34071463346481323,,,,pth,original/results/custom_metrics_full_log_likelihoods_marcelbinz-Llama-3.1-Centaur-70B-adapter.pth,,,,
Wu_spatial,wu2018generalisation_exp1,exp1,centaur_full_context_simulation,Centaur full-context simulation,177,,,,,0.1366736739873886,,,,pth,original/results/custom_metrics_full_log_likelihoods_marcelbinz-Llama-3.1-Centaur-70B-adapter.pth,,,,
Wu_spatial,wu2018generalisation_exp1,exp1,centaur_full_context_simulation,Centaur full-context simulation,178,,,,,0.04911351948976517,,,,pth,original/results/custom_metrics_full_log_likelihoods_marcelbinz-Llama-3.1-Centaur-70B-adapter.pth,,,,
Wu_spatial,wu2018generalisation_exp1,exp1,centaur_full_context_simulation,Centaur full-context simulation,179,,,,,0.026104426011443138,,,,pth,original/results/custom_metrics_full_log_likelihoods_marcelbinz-Llama-3.1-Centaur-70B-adapter.pth,,,,
Wu_spatial,wu2018generalisation_exp1,exp1,centaur_full_context_simulation,Centaur full-context simulation,180,,,,,3.8173229694366455,,,,pth,original/results/custom_metrics_full_log_likelihoods_marcelbinz-Llama-3.1-Centaur-70B-adapter.pth,,,,
Wu_spatial,wu2018generalisation_exp1,exp1,centaur_full_context_simulation,Centaur full-context simulation,181,,,,,4.9919281005859375,,,,pth,original/results/custom_metrics_full_log_likelihoods_marcelbinz-Llama-3.1-Centaur-70B-adapter.pth,,,,
Wu_spatial,wu2018generalisation_exp1,exp1,centaur_full_context_simulation,Centaur full-context simulation,182,,,,,2.2245922088623047,,,,pth,original/results/custom_metrics_full_log_likelihoods_marcelbinz-Llama-3.1-Centaur-70B-adapter.pth,,,,
Wu_spatial,wu2018generalisation_exp1,exp1,centaur_full_context_simulation,Centaur full-context simulation,183,,,,,0.39356207847595215,,,,pth,original/results/custom_metrics_full_log_likelihoods_marcelbinz-Llama-3.1-Centaur-70B-adapter.pth,,,,
Wu_spatial,wu2018generalisation_exp1,exp1,centaur_full_context_simulation,Centaur full-context simulation,184,,,,,0.01954452134668827,,,,pth,original/results/custom_metrics_full_log_likelihoods_marcelbinz-Llama-3.1-Centaur-70B-adapter.pth,,,,
Wu_spatial,wu2018generalisation_exp1,exp1,centaur_full_context_simulation,Centaur full-context simulation,185,,,,,0.014209755696356297,,,,pth,original/results/custom_metrics_full_log_likelihoods_marcelbinz-Llama-3.1-Centaur-70B-adapter.pth,,,,
Wu_spatial,wu2018generalisation_exp1,exp1,centaur_full_context_simulation,Centaur full-context simulation,186,,,,,0.02837512455880642,,,,pth,original/results/custom_metrics_full_log_likelihoods_marcelbinz-Llama-3.1-Centaur-70B-adapter.pth,,,,
Wu_spatial,wu2018generalisation_exp1,exp1,centaur_full_context_simulation,Centaur full-context simulation,187,,,,,0.395004004240036,,,,pth,original/results/custom_metrics_full_log_likelihoods_marcelbinz-Llama-3.1-Centaur-70B-adapter.pth,,,,
Wu_spatial,wu2018generalisation_exp1,exp1,centaur_full_context_simulation,Centaur full-context simulation,188,,,,,1.0283077955245972,,,,pth,original/results/custom_metrics_full_log_likelihoods_marcelbinz-Llama-3.1-Centaur-70B-adapter.pth,,,,
Wu_spatial,wu2018generalisation_exp1,exp1,centaur_full_context_simulation,Centaur full-context simulation,189,,,,,2.2619638442993164,,,,pth,original/results/custom_metrics_full_log_likelihoods_marcelbinz-Llama-3.1-Centaur-70B-adapter.pth,,,,
Wu_spatial,wu2018generalisation_exp1,exp1,centaur_full_context_simulation,Centaur full-context simulation,190,,,,,2.358579158782959,,,,pth,original/results/custom_metrics_full_log_likelihoods_marcelbinz-Llama-3.1-Centaur-70B-adapter.pth,,,,
Wu_spatial,wu2018generalisation_exp1,exp1,centaur_full_context_simulation,Centaur full-context simulation,191,,,,,2.037789821624756,,,,pth,original/results/custom_metrics_full_log_likelihoods_marcelbinz-Llama-3.1-Centaur-70B-adapter.pth,,,,
Wu_spatial,wu2018generalisation_exp1,exp1,centaur_full_context_simulation,Centaur full-context simulation,192,,,,,0.23293660581111908,,,,pth,original/results/custom_metrics_full_log_likelihoods_marcelbinz-Llama-3.1-Centaur-70B-adapter.pth,,,,
Wu_spatial,wu2018generalisation_exp1,exp1,centaur_full_context_simulation,Centaur full-context simulation,193,,,,,0.08914262056350708,,,,pth,original/results/custom_metrics_full_log_likelihoods_marcelbinz-Llama-3.1-Centaur-70B-adapter.pth,,,,
Wu_spatial,wu2018generalisation_exp1,exp1,centaur_full_context_simulation,Centaur full-context simulation,194,,,,,0.029046043753623962,,,,pth,original/results/custom_metrics_full_log_likelihoods_marcelbinz-Llama-3.1-Centaur-70B-adapter.pth,,,,
Wu_spatial,wu2018generalisation_exp1,exp1,centaur_full_context_simulation,Centaur full-context simulation,195,,,,,2.3823676109313965,,,,pth,original/results/custom_metrics_full_log_likelihoods_marcelbinz-Llama-3.1-Centaur-70B-adapter.pth,,,,
Wu_spatial,wu2018generalisation_exp1,exp1,centaur_full_context_simulation,Centaur full-context simulation,196,,,,,2.080751419067383,,,,pth,original/results/custom_metrics_full_log_likelihoods_marcelbinz-Llama-3.1-Centaur-70B-adapter.pth,,,,
Wu_spatial,wu2018generalisation_exp1,exp1,centaur_full_context_simulation,Centaur full-context simulation,197,,,,,2.543753147125244,,,,pth,original/results/custom_metrics_full_log_likelihoods_marcelbinz-Llama-3.1-Centaur-70B-adapter.pth,,,,
Wu_spatial,wu2018generalisation_exp1,exp1,centaur_full_context_simulation,Centaur full-context simulation,198,,,,,0.18095093965530396,,,,pth,original/results/custom_metrics_full_log_likelihoods_marcelbinz-Llama-3.1-Centaur-70B-adapter.pth,,,,
Wu_spatial,wu2018generalisation_exp1,exp1,centaur_full_context_simulation,Centaur full-context simulation,199,,,,,0.24506014585494995,,,,pth,original/results/custom_metrics_full_log_likelihoods_marcelbinz-Llama-3.1-Centaur-70B-adapter.pth,,,,
Wu_spatial,wu2018generalisation_exp1,exp1,centaur_full_context_simulation,Centaur full-context simulation,200,,,,,1.0760122537612915,,,,pth,original/results/custom_metrics_full_log_likelihoods_marcelbinz-Llama-3.1-Centaur-70B-adapter.pth,,,,
Wu_spatial,wu2018generalisation_exp1,exp1,centaur_full_context_simulation,Centaur full-context simulation,201,,,,,1.4699618816375732,,,,pth,original/results/custom_metrics_full_log_likelihoods_marcelbinz-Llama-3.1-Centaur-70B-adapter.pth,,,,
Wu_spatial,wu2018generalisation_exp1,exp1,centaur_full_context_simulation,Centaur full-context simulation,202,,,,,0.986537754535675,,,,pth,original/results/custom_metrics_full_log_likelihoods_marcelbinz-Llama-3.1-Centaur-70B-adapter.pth,,,,
Wu_spatial,wu2018generalisation_exp1,exp1,centaur_full_context_simulation,Centaur full-context simulation,203,,,,,2.5134329795837402,,,,pth,original/results/custom_metrics_full_log_likelihoods_marcelbinz-Llama-3.1-Centaur-70B-adapter.pth,,,,
Wu_spatial,wu2018generalisation_exp1,exp1,centaur_full_context_simulation,Centaur full-context simulation,204,,,,,1.381953477859497,,,,pth,original/results/custom_metrics_full_log_likelihoods_marcelbinz-Llama-3.1-Centaur-70B-adapter.pth,,,,
Wu_spatial,wu2018generalisation_exp1,exp1,centaur_full_context_simulation,Centaur full-context simulation,205,,,,,1.8184764385223389,,,,pth,original/results/custom_metrics_full_log_likelihoods_marcelbinz-Llama-3.1-Centaur-70B-adapter.pth,,,,
Wu_spatial,wu2018generalisation_exp1,exp1,centaur_full_context_simulation,Centaur full-context simulation,206,,,,,1.3086642026901245,,,,pth,original/results/custom_metrics_full_log_likelihoods_marcelbinz-Llama-3.1-Centaur-70B-adapter.pth,,,,
Wu_spatial,wu2018generalisation_exp1,exp1,centaur_full_context_simulation,Centaur full-context simulation,207,,,,,2.0534284114837646,,,,pth,original/results/custom_metrics_full_log_likelihoods_marcelbinz-Llama-3.1-Centaur-70B-adapter.pth,,,,
Wu_spatial,wu2018generalisation_exp1,exp1,centaur_full_context_simulation,Centaur full-context simulation,208,,,,,0.14831483364105225,,,,pth,original/results/custom_metrics_full_log_likelihoods_marcelbinz-Llama-3.1-Centaur-70B-adapter.pth,,,,
Wu_spatial,wu2018generalisation_exp1,exp1,centaur_full_context_simulation,Centaur full-context simulation,209,,,,,0.16193434596061707,,,,pth,original/results/custom_metrics_full_log_likelihoods_marcelbinz-Llama-3.1-Centaur-70B-adapter.pth,,,,
Wu_spatial,wu2018generalisation_exp1,exp1,centaur_full_context_simulation,Centaur full-context simulation,210,,,,,2.7223308086395264,,,,pth,original/results/custom_metrics_full_log_likelihoods_marcelbinz-Llama-3.1-Centaur-70B-adapter.pth,,,,
Wu_spatial,wu2018generalisation_exp1,exp1,centaur_full_context_simulation,Centaur full-context simulation,211,,,,,3.245445966720581,,,,pth,original/results/custom_metrics_full_log_likelihoods_marcelbinz-Llama-3.1-Centaur-70B-adapter.pth,,,,
Wu_spatial,wu2018generalisation_exp1,exp1,centaur_full_context_simulation,Centaur full-context simulation,212,,,,,3.388021230697632,,,,pth,original/results/custom_metrics_full_log_likelihoods_marcelbinz-Llama-3.1-Centaur-70B-adapter.pth,,,,
Wu_spatial,wu2018generalisation_exp1,exp1,centaur_full_context_simulation,Centaur full-context simulation,213,,,,,1.7165225744247437,,,,pth,original/results/custom_metrics_full_log_likelihoods_marcelbinz-Llama-3.1-Centaur-70B-adapter.pth,,,,
Wu_spatial,wu2018generalisation_exp1,exp1,centaur_full_context_simulation,Centaur full-context simulation,214,,,,,0.22351980209350586,,,,pth,original/results/custom_metrics_full_log_likelihoods_marcelbinz-Llama-3.1-Centaur-70B-adapter.pth,,,,
Wu_spatial,wu2018generalisation_exp1,exp1,centaur_full_context_simulation,Centaur full-context simulation,215,,,,,0.23870661854743958,,,,pth,original/results/custom_metrics_full_log_likelihoods_marcelbinz-Llama-3.1-Centaur-70B-adapter.pth,,,,
Wu_spatial,wu2018generalisation_exp1,exp1,centaur_full_context_simulation,Centaur full-context simulation,216,,,,,1.64871346950531,,,,pth,original/results/custom_metrics_full_log_likelihoods_marcelbinz-Llama-3.1-Centaur-70B-adapter.pth,,,,
Wu_spatial,wu2018generalisation_exp1,exp1,centaur_full_context_simulation,Centaur full-context simulation,217,,,,,0.32101669907569885,,,,pth,original/results/custom_metrics_full_log_likelihoods_marcelbinz-Llama-3.1-Centaur-70B-adapter.pth,,,,
Wu_spatial,wu2018generalisation_exp1,exp1,centaur_full_context_simulation,Centaur full-context simulation,218,,,,,0.08380790799856186,,,,pth,original/results/custom_metrics_full_log_likelihoods_marcelbinz-Llama-3.1-Centaur-70B-adapter.pth,,,,
Wu_spatial,wu2018generalisation_exp1,exp1,centaur_full_context_simulation,Centaur full-context simulation,219,,,,,0.9403613805770874,,,,pth,original/results/custom_metrics_full_log_likelihoods_marcelbinz-Llama-3.1-Centaur-70B-adapter.pth,,,,
Wu_spatial,wu2018generalisation_exp1,exp1,centaur_full_context_simulation,Centaur full-context simulation,220,,,,,2.472970485687256,,,,pth,original/results/custom_metrics_full_log_likelihoods_marcelbinz-Llama-3.1-Centaur-70B-adapter.pth,,,,
Wu_spatial,wu2018generalisation_exp1,exp1,centaur_full_context_simulation,Centaur full-context simulation,221,,,,,4.00025749206543,,,,pth,original/results/custom_metrics_full_log_likelihoods_marcelbinz-Llama-3.1-Centaur-70B-adapter.pth,,,,
Wu_spatial,wu2018generalisation_exp1,exp1,centaur_full_context_simulation,Centaur full-context simulation,222,,,,,3.4870784282684326,,,,pth,original/results/custom_metrics_full_log_likelihoods_marcelbinz-Llama-3.1-Centaur-70B-adapter.pth,,,,
Wu_spatial,wu2018generalisation_exp1,exp1,centaur_full_context_simulation,Centaur full-context simulation,223,,,,,2.2247955799102783,,,,pth,original/results/custom_metrics_full_log_likelihoods_marcelbinz-Llama-3.1-Centaur-70B-adapter.pth,,,,
Wu_spatial,wu2018generalisation_exp1,exp1,centaur_full_context_simulation,Centaur full-context simulation,224,,,,,4.063348770141602,,,,pth,original/results/custom_metrics_full_log_likelihoods_marcelbinz-Llama-3.1-Centaur-70B-adapter.pth,,,,
Wu_spatial,wu2018generalisation_exp1,exp1,centaur_full_context_simulation,Centaur full-context simulation,225,,,,,1.974083423614502,,,,pth,original/results/custom_metrics_full_log_likelihoods_marcelbinz-Llama-3.1-Centaur-70B-adapter.pth,,,,
Wu_spatial,wu2018generalisation_exp1,exp1,centaur_full_context_simulation,Centaur full-context simulation,226,,,,,1.914263367652893,,,,pth,original/results/custom_metrics_full_log_likelihoods_marcelbinz-Llama-3.1-Centaur-70B-adapter.pth,,,,
Wu_spatial,wu2018generalisation_exp1,exp1,centaur_full_context_simulation,Centaur full-context simulation,227,,,,,5.009919166564941,,,,pth,original/results/custom_metrics_full_log_likelihoods_marcelbinz-Llama-3.1-Centaur-70B-adapter.pth,,,,
Wu_spatial,wu2018generalisation_exp1,exp1,centaur_full_context_simulation,Centaur full-context simulation,228,,,,,3.151038646697998,,,,pth,original/results/custom_metrics_full_log_likelihoods_marcelbinz-Llama-3.1-Centaur-70B-adapter.pth,,,,
Wu_spatial,wu2018generalisation_exp1,exp1,centaur_full_context_simulation,Centaur full-context simulation,229,,,,,0.10259126871824265,,,,pth,original/results/custom_metrics_full_log_likelihoods_marcelbinz-Llama-3.1-Centaur-70B-adapter.pth,,,,
Wu_spatial,wu2018generalisation_exp1,exp1,centaur_full_context_simulation,Centaur full-context simulation,230,,,,,3.784677267074585,,,,pth,original/results/custom_metrics_full_log_likelihoods_marcelbinz-Llama-3.1-Centaur-70B-adapter.pth,,,,
Wu_spatial,wu2018generalisation_exp1,exp1,centaur_full_context_simulation,Centaur full-context simulation,231,,,,,0.7527679204940796,,,,pth,original/results/custom_metrics_full_log_likelihoods_marcelbinz-Llama-3.1-Centaur-70B-adapter.pth,,,,
Wu_spatial,wu2018generalisation_exp1,exp1,centaur_full_context_simulation,Centaur full-context simulation,232,,,,,0.14341434836387634,,,,pth,original/results/custom_metrics_full_log_likelihoods_marcelbinz-Llama-3.1-Centaur-70B-adapter.pth,,,,
Wu_spatial,wu2018generalisation_exp1,exp1,centaur_full_context_simulation,Centaur full-context simulation,233,,,,,0.8310625553131104,,,,pth,original/results/custom_metrics_full_log_likelihoods_marcelbinz-Llama-3.1-Centaur-70B-adapter.pth,,,,
Wu_spatial,wu2018generalisation_exp1,exp1,centaur_full_context_simulation,Centaur full-context simulation,234,,,,,4.094278335571289,,,,pth,original/results/custom_metrics_full_log_likelihoods_marcelbinz-Llama-3.1-Centaur-70B-adapter.pth,,,,
Wu_spatial,wu2018generalisation_exp1,exp1,centaur_full_context_simulation,Centaur full-context simulation,235,,,,,3.6384572982788086,,,,pth,original/results/custom_metrics_full_log_likelihoods_marcelbinz-Llama-3.1-Centaur-70B-adapter.pth,,,,
Wu_spatial,wu2018generalisation_exp1,exp1,centaur_full_context_simulation,Centaur full-context simulation,236,,,,,1.2354681491851807,,,,pth,original/results/custom_metrics_full_log_likelihoods_marcelbinz-Llama-3.1-Centaur-70B-adapter.pth,,,,
Wu_spatial,wu2018generalisation_exp1,exp1,centaur_full_context_simulation,Centaur full-context simulation,237,,,,,0.029612243175506592,,,,pth,original/results/custom_metrics_full_log_likelihoods_marcelbinz-Llama-3.1-Centaur-70B-adapter.pth,,,,
Wu_spatial,wu2018generalisation_exp1,exp1,centaur_full_context_simulation,Centaur full-context simulation,238,,,,,0.025918936356902122,,,,pth,original/results/custom_metrics_full_log_likelihoods_marcelbinz-Llama-3.1-Centaur-70B-adapter.pth,,,,
Wu_spatial,wu2018generalisation_exp1,exp1,centaur_full_context_simulation,Centaur full-context simulation,239,,,,,0.05457092449069023,,,,pth,original/results/custom_metrics_full_log_likelihoods_marcelbinz-Llama-3.1-Centaur-70B-adapter.pth,,,,
Wu_spatial,wu2018generalisation_exp1,exp1,centaur_full_context_simulation,Centaur full-context simulation,240,,,,,1.1691874265670776,,,,pth,original/results/custom_metrics_full_log_likelihoods_marcelbinz-Llama-3.1-Centaur-70B-adapter.pth,,,,
Wu_spatial,wu2018generalisation_exp1,exp1,centaur_full_context_simulation,Centaur full-context simulation,241,,,,,0.1774003654718399,,,,pth,original/results/custom_metrics_full_log_likelihoods_marcelbinz-Llama-3.1-Centaur-70B-adapter.pth,,,,
Wu_spatial,wu2018generalisation_exp1,exp1,centaur_full_context_simulation,Centaur full-context simulation,242,,,,,0.12989512085914612,,,,pth,original/results/custom_metrics_full_log_likelihoods_marcelbinz-Llama-3.1-Centaur-70B-adapter.pth,,,,
Wu_spatial,wu2018generalisation_exp1,exp1,centaur_full_context_simulation,Centaur full-context simulation,243,,,,,2.9323835372924805,,,,pth,original/results/custom_metrics_full_log_likelihoods_marcelbinz-Llama-3.1-Centaur-70B-adapter.pth,,,,
Wu_spatial,wu2018generalisation_exp1,exp1,centaur_full_context_simulation,Centaur full-context simulation,244,,,,,2.241020441055298,,,,pth,original/results/custom_metrics_full_log_likelihoods_marcelbinz-Llama-3.1-Centaur-70B-adapter.pth,,,,
Wu_spatial,wu2018generalisation_exp1,exp1,centaur_full_context_simulation,Centaur full-context simulation,245,,,,,1.3845040798187256,,,,pth,original/results/custom_metrics_full_log_likelihoods_marcelbinz-Llama-3.1-Centaur-70B-adapter.pth,,,,
Wu_spatial,wu2018generalisation_exp1,exp1,centaur_full_context_simulation,Centaur full-context simulation,246,,,,,0.19143876433372498,,,,pth,original/results/custom_metrics_full_log_likelihoods_marcelbinz-Llama-3.1-Centaur-70B-adapter.pth,,,,
Wu_spatial,wu2018generalisation_exp1,exp1,centaur_full_context_simulation,Centaur full-context simulation,247,,,,,0.06438980996608734,,,,pth,original/results/custom_metrics_full_log_likelihoods_marcelbinz-Llama-3.1-Centaur-70B-adapter.pth,,,,
Wu_spatial,wu2018generalisation_exp1,exp1,centaur_full_context_simulation,Centaur full-context simulation,248,,,,,0.34754544496536255,,,,pth,original/results/custom_metrics_full_log_likelihoods_marcelbinz-Llama-3.1-Centaur-70B-adapter.pth,,,,
Wu_spatial,wu2018generalisation_exp1,exp1,centaur_full_context_simulation,Centaur full-context simulation,249,,,,,0.11794472485780716,,,,pth,original/results/custom_metrics_full_log_likelihoods_marcelbinz-Llama-3.1-Centaur-70B-adapter.pth,,,,
Wu_spatial,wu2018generalisation_exp1,exp1,centaur_full_context_simulation,Centaur full-context simulation,250,,,,,0.9848172068595886,,,,pth,original/results/custom_metrics_full_log_likelihoods_marcelbinz-Llama-3.1-Centaur-70B-adapter.pth,,,,
Wu_spatial,wu2018generalisation_exp1,exp1,centaur_full_context_simulation,Centaur full-context simulation,251,,,,,3.6603662967681885,,,,pth,original/results/custom_metrics_full_log_likelihoods_marcelbinz-Llama-3.1-Centaur-70B-adapter.pth,,,,
Wu_spatial,wu2018generalisation_exp1,exp1,centaur_full_context_simulation,Centaur full-context simulation,252,,,,,2.0513031482696533,,,,pth,original/results/custom_metrics_full_log_likelihoods_marcelbinz-Llama-3.1-Centaur-70B-adapter.pth,,,,
Wu_spatial,wu2018generalisation_exp1,exp1,centaur_full_context_simulation,Centaur full-context simulation,253,,,,,0.33192411065101624,,,,pth,original/results/custom_metrics_full_log_likelihoods_marcelbinz-Llama-3.1-Centaur-70B-adapter.pth,,,,
Wu_spatial,wu2018generalisation_exp1,exp1,centaur_full_context_simulation,Centaur full-context simulation,254,,,,,2.1679725646972656,,,,pth,original/results/custom_metrics_full_log_likelihoods_marcelbinz-Llama-3.1-Centaur-70B-adapter.pth,,,,
Wu_spatial,wu2018generalisation_exp1,exp1,centaur_full_context_simulation,Centaur full-context simulation,255,,,,,3.02791166305542,,,,pth,original/results/custom_metrics_full_log_likelihoods_marcelbinz-Llama-3.1-Centaur-70B-adapter.pth,,,,
Wu_spatial,wu2018generalisation_exp1,exp1,centaur_full_context_simulation,Centaur full-context simulation,256,,,,,2.1723856925964355,,,,pth,original/results/custom_metrics_full_log_likelihoods_marcelbinz-Llama-3.1-Centaur-70B-adapter.pth,,,,
Wu_spatial,wu2018generalisation_exp1,exp1,centaur_full_context_simulation,Centaur full-context simulation,257,,,,,2.1336801052093506,,,,pth,original/results/custom_metrics_full_log_likelihoods_marcelbinz-Llama-3.1-Centaur-70B-adapter.pth,,,,
Wu_spatial,wu2018generalisation_exp1,exp1,centaur_full_context_simulation,Centaur full-context simulation,258,,,,,2.5556554794311523,,,,pth,original/results/custom_metrics_full_log_likelihoods_marcelbinz-Llama-3.1-Centaur-70B-adapter.pth,,,,
Wu_spatial,wu2018generalisation_exp1,exp1,centaur_full_context_simulation,Centaur full-context simulation,259,,,,,0.8132529854774475,,,,pth,original/results/custom_metrics_full_log_likelihoods_marcelbinz-Llama-3.1-Centaur-70B-adapter.pth,,,,
Wu_spatial,wu2018generalisation_exp1,exp1,centaur_full_context_simulation,Centaur full-context simulation,260,,,,,3.581214666366577,,,,pth,original/results/custom_metrics_full_log_likelihoods_marcelbinz-Llama-3.1-Centaur-70B-adapter.pth,,,,
Wu_spatial,wu2018generalisation_exp1,exp1,centaur_full_context_simulation,Centaur full-context simulation,261,,,,,0.3361945152282715,,,,pth,original/results/custom_metrics_full_log_likelihoods_marcelbinz-Llama-3.1-Centaur-70B-adapter.pth,,,,
Wu_spatial,wu2018generalisation_exp1,exp1,centaur_full_context_simulation,Centaur full-context simulation,262,,,,,2.8622467517852783,,,,pth,original/results/custom_metrics_full_log_likelihoods_marcelbinz-Llama-3.1-Centaur-70B-adapter.pth,,,,
Wu_spatial,wu2018generalisation_exp1,exp1,centaur_full_context_simulation,Centaur full-context simulation,263,,,,,4.288581371307373,,,,pth,original/results/custom_metrics_full_log_likelihoods_marcelbinz-Llama-3.1-Centaur-70B-adapter.pth,,,,
Wu_spatial,wu2018generalisation_exp1,exp1,centaur_full_context_simulation,Centaur full-context simulation,264,,,,,2.8750104904174805,,,,pth,original/results/custom_metrics_full_log_likelihoods_marcelbinz-Llama-3.1-Centaur-70B-adapter.pth,,,,
Wu_spatial,wu2018generalisation_exp1,exp1,centaur_full_context_simulation,Centaur full-context simulation,265,,,,,2.1039276123046875,,,,pth,original/results/custom_metrics_full_log_likelihoods_marcelbinz-Llama-3.1-Centaur-70B-adapter.pth,,,,
Wu_spatial,wu2018generalisation_exp1,exp1,centaur_full_context_simulation,Centaur full-context simulation,266,,,,,3.5160601139068604,,,,pth,original/results/custom_metrics_full_log_likelihoods_marcelbinz-Llama-3.1-Centaur-70B-adapter.pth,,,,
Wu_spatial,wu2018generalisation_exp1,exp1,centaur_full_context_simulation,Centaur full-context simulation,267,,,,,1.434913158416748,,,,pth,original/results/custom_metrics_full_log_likelihoods_marcelbinz-Llama-3.1-Centaur-70B-adapter.pth,,,,
Wu_spatial,wu2018generalisation_exp1,exp1,centaur_full_context_simulation,Centaur full-context simulation,268,,,,,0.5631754994392395,,,,pth,original/results/custom_metrics_full_log_likelihoods_marcelbinz-Llama-3.1-Centaur-70B-adapter.pth,,,,
Wu_spatial,wu2018generalisation_exp1,exp1,centaur_full_context_simulation,Centaur full-context simulation,269,,,,,0.5912829637527466,,,,pth,original/results/custom_metrics_full_log_likelihoods_marcelbinz-Llama-3.1-Centaur-70B-adapter.pth,,,,
Wu_spatial,wu2018generalisation_exp1,exp1,centaur_full_context_simulation,Centaur full-context simulation,270,,,,,2.6032872200012207,,,,pth,original/results/custom_metrics_full_log_likelihoods_marcelbinz-Llama-3.1-Centaur-70B-adapter.pth,,,,
Wu_spatial,wu2018generalisation_exp1,exp1,centaur_full_context_simulation,Centaur full-context simulation,271,,,,,1.3751775026321411,,,,pth,original/results/custom_metrics_full_log_likelihoods_marcelbinz-Llama-3.1-Centaur-70B-adapter.pth,,,,
Wu_spatial,wu2018generalisation_exp1,exp1,centaur_full_context_simulation,Centaur full-context simulation,272,,,,,0.21336863934993744,,,,pth,original/results/custom_metrics_full_log_likelihoods_marcelbinz-Llama-3.1-Centaur-70B-adapter.pth,,,,
Wu_spatial,wu2018generalisation_exp1,exp1,centaur_full_context_simulation,Centaur full-context simulation,273,,,,,0.755926787853241,,,,pth,original/results/custom_metrics_full_log_likelihoods_marcelbinz-Llama-3.1-Centaur-70B-adapter.pth,,,,
Wu_spatial,wu2018generalisation_exp1,exp1,centaur_full_context_simulation,Centaur full-context simulation,274,,,,,1.5942364931106567,,,,pth,original/results/custom_metrics_full_log_likelihoods_marcelbinz-Llama-3.1-Centaur-70B-adapter.pth,,,,
Wu_spatial,wu2018generalisation_exp1,exp1,centaur_full_context_simulation,Centaur full-context simulation,275,,,,,0.8457022309303284,,,,pth,original/results/custom_metrics_full_log_likelihoods_marcelbinz-Llama-3.1-Centaur-70B-adapter.pth,,,,
Wu_spatial,wu2018generalisation_exp1,exp1,centaur_full_context_simulation,Centaur full-context simulation,276,,,,,0.5196904540061951,,,,pth,original/results/custom_metrics_full_log_likelihoods_marcelbinz-Llama-3.1-Centaur-70B-adapter.pth,,,,
Wu_spatial,wu2018generalisation_exp1,exp1,centaur_full_context_simulation,Centaur full-context simulation,277,,,,,0.16925540566444397,,,,pth,original/results/custom_metrics_full_log_likelihoods_marcelbinz-Llama-3.1-Centaur-70B-adapter.pth,,,,
Wu_spatial,wu2018generalisation_exp1,exp1,centaur_full_context_simulation,Centaur full-context simulation,278,,,,,0.9936864972114563,,,,pth,original/results/custom_metrics_full_log_likelihoods_marcelbinz-Llama-3.1-Centaur-70B-adapter.pth,,,,
Wu_spatial,wu2018generalisation_exp1,exp1,centaur_full_context_simulation,Centaur full-context simulation,279,,,,,0.0815872773528099,,,,pth,original/results/custom_metrics_full_log_likelihoods_marcelbinz-Llama-3.1-Centaur-70B-adapter.pth,,,,
Wu_spatial,wu2018generalisation_exp1,exp1,centaur_full_context_simulation,Centaur full-context simulation,280,,,,,4.5361456871032715,,,,pth,original/results/custom_metrics_full_log_likelihoods_marcelbinz-Llama-3.1-Centaur-70B-adapter.pth,,,,
Wu_spatial,wu2018generalisation_exp1,exp1,centaur_full_context_simulation,Centaur full-context simulation,281,,,,,0.7852169275283813,,,,pth,original/results/custom_metrics_full_log_likelihoods_marcelbinz-Llama-3.1-Centaur-70B-adapter.pth,,,,
Wu_spatial,wu2018generalisation_exp1,exp1,centaur_full_context_simulation,Centaur full-context simulation,282,,,,,3.3925881385803223,,,,pth,original/results/custom_metrics_full_log_likelihoods_marcelbinz-Llama-3.1-Centaur-70B-adapter.pth,,,,
Wu_spatial,wu2018generalisation_exp1,exp1,centaur_full_context_simulation,Centaur full-context simulation,283,,,,,1.5530582666397095,,,,pth,original/results/custom_metrics_full_log_likelihoods_marcelbinz-Llama-3.1-Centaur-70B-adapter.pth,,,,
Wu_spatial,wu2018generalisation_exp1,exp1,centaur_full_context_simulation,Centaur full-context simulation,284,,,,,2.9633922576904297,,,,pth,original/results/custom_metrics_full_log_likelihoods_marcelbinz-Llama-3.1-Centaur-70B-adapter.pth,,,,
Wu_spatial,wu2018generalisation_exp1,exp1,centaur_full_context_simulation,Centaur full-context simulation,285,,,,,1.7480109930038452,,,,pth,original/results/custom_metrics_full_log_likelihoods_marcelbinz-Llama-3.1-Centaur-70B-adapter.pth,,,,
Wu_spatial,wu2018generalisation_exp1,exp1,centaur_full_context_simulation,Centaur full-context simulation,286,,,,,0.3303598463535309,,,,pth,original/results/custom_metrics_full_log_likelihoods_marcelbinz-Llama-3.1-Centaur-70B-adapter.pth,,,,
Wu_spatial,wu2018generalisation_exp1,exp1,centaur_full_context_simulation,Centaur full-context simulation,287,,,,,0.30553215742111206,,,,pth,original/results/custom_metrics_full_log_likelihoods_marcelbinz-Llama-3.1-Centaur-70B-adapter.pth,,,,
Wu_spatial,wu2018generalisation_exp1,exp1,centaur_full_context_simulation,Centaur full-context simulation,288,,,,,2.817885398864746,,,,pth,original/results/custom_metrics_full_log_likelihoods_marcelbinz-Llama-3.1-Centaur-70B-adapter.pth,,,,
Wu_spatial,wu2018generalisation_exp1,exp1,centaur_full_context_simulation,Centaur full-context simulation,289,,,,,0.4870416224002838,,,,pth,original/results/custom_metrics_full_log_likelihoods_marcelbinz-Llama-3.1-Centaur-70B-adapter.pth,,,,
Wu_spatial,wu2018generalisation_exp1,exp1,centaur_full_context_simulation,Centaur full-context simulation,290,,,,,0.5716014504432678,,,,pth,original/results/custom_metrics_full_log_likelihoods_marcelbinz-Llama-3.1-Centaur-70B-adapter.pth,,,,
Wu_spatial,wu2018generalisation_exp1,exp1,centaur_full_context_simulation,Centaur full-context simulation,291,,,,,0.09009814262390137,,,,pth,original/results/custom_metrics_full_log_likelihoods_marcelbinz-Llama-3.1-Centaur-70B-adapter.pth,,,,
Wu_spatial,wu2018generalisation_exp1,exp1,centaur_full_context_simulation,Centaur full-context simulation,292,,,,,0.25655242800712585,,,,pth,original/results/custom_metrics_full_log_likelihoods_marcelbinz-Llama-3.1-Centaur-70B-adapter.pth,,,,
Wu_spatial,wu2018generalisation_exp1,exp1,centaur_full_context_simulation,Centaur full-context simulation,293,,,,,3.9713687896728516,,,,pth,original/results/custom_metrics_full_log_likelihoods_marcelbinz-Llama-3.1-Centaur-70B-adapter.pth,,,,
Wu_spatial,wu2018generalisation_exp1,exp1,centaur_full_context_simulation,Centaur full-context simulation,294,,,,,3.128978967666626,,,,pth,original/results/custom_metrics_full_log_likelihoods_marcelbinz-Llama-3.1-Centaur-70B-adapter.pth,,,,
Wu_spatial,wu2018generalisation_exp1,exp1,centaur_full_context_simulation,Centaur full-context simulation,295,,,,,0.42577263712882996,,,,pth,original/results/custom_metrics_full_log_likelihoods_marcelbinz-Llama-3.1-Centaur-70B-adapter.pth,,,,
Wu_spatial,wu2018generalisation_exp1,exp1,centaur_full_context_simulation,Centaur full-context simulation,296,,,,,0.4078984558582306,,,,pth,original/results/custom_metrics_full_log_likelihoods_marcelbinz-Llama-3.1-Centaur-70B-adapter.pth,,,,
Wu_spatial,wu2018generalisation_exp1,exp1,centaur_full_context_simulation,Centaur full-context simulation,297,,,,,0.8154195547103882,,,,pth,original/results/custom_metrics_full_log_likelihoods_marcelbinz-Llama-3.1-Centaur-70B-adapter.pth,,,,
Wu_spatial,wu2018generalisation_exp1,exp1,centaur_full_context_simulation,Centaur full-context simulation,298,,,,,1.3321641683578491,,,,pth,original/results/custom_metrics_full_log_likelihoods_marcelbinz-Llama-3.1-Centaur-70B-adapter.pth,,,,
Wu_spatial,wu2018generalisation_exp1,exp1,centaur_full_context_simulation,Centaur full-context simulation,299,,,,,1.0536531209945679,,,,pth,original/results/custom_metrics_full_log_likelihoods_marcelbinz-Llama-3.1-Centaur-70B-adapter.pth,,,,
Wu_spatial,wu2018generalisation_exp1,exp1,centaur_full_context_simulation,Centaur full-context simulation,300,,,,,0.6545774936676025,,,,pth,original/results/custom_metrics_full_log_likelihoods_marcelbinz-Llama-3.1-Centaur-70B-adapter.pth,,,,
Wu_spatial,wu2018generalisation_exp1,exp1,centaur_full_context_simulation,Centaur full-context simulation,301,,,,,1.7327547073364258,,,,pth,original/results/custom_metrics_full_log_likelihoods_marcelbinz-Llama-3.1-Centaur-70B-adapter.pth,,,,
Wu_spatial,wu2018generalisation_exp1,exp1,centaur_full_context_simulation,Centaur full-context simulation,302,,,,,1.546315312385559,,,,pth,original/results/custom_metrics_full_log_likelihoods_marcelbinz-Llama-3.1-Centaur-70B-adapter.pth,,,,
Wu_spatial,wu2018generalisation_exp1,exp1,centaur_full_context_simulation,Centaur full-context simulation,303,,,,,0.2462766021490097,,,,pth,original/results/custom_metrics_full_log_likelihoods_marcelbinz-Llama-3.1-Centaur-70B-adapter.pth,,,,
Wu_spatial,wu2018generalisation_exp1,exp1,centaur_full_context_simulation,Centaur full-context simulation,304,,,,,0.13081145286560059,,,,pth,original/results/custom_metrics_full_log_likelihoods_marcelbinz-Llama-3.1-Centaur-70B-adapter.pth,,,,
Wu_spatial,wu2018generalisation_exp1,exp1,centaur_full_context_simulation,Centaur full-context simulation,305,,,,,0.7377111911773682,,,,pth,original/results/custom_metrics_full_log_likelihoods_marcelbinz-Llama-3.1-Centaur-70B-adapter.pth,,,,
Wu_spatial,wu2018generalisation_exp1,exp1,centaur_full_context_simulation,Centaur full-context simulation,306,,,,,0.08290253579616547,,,,pth,original/results/custom_metrics_full_log_likelihoods_marcelbinz-Llama-3.1-Centaur-70B-adapter.pth,,,,
Wu_spatial,wu2018generalisation_exp1,exp1,centaur_full_context_simulation,Centaur full-context simulation,307,,,,,0.06173430755734444,,,,pth,original/results/custom_metrics_full_log_likelihoods_marcelbinz-Llama-3.1-Centaur-70B-adapter.pth,,,,
Wu_spatial,wu2018generalisation_exp1,exp1,centaur_full_context_simulation,Centaur full-context simulation,308,,,,,0.3278551995754242,,,,pth,original/results/custom_metrics_full_log_likelihoods_marcelbinz-Llama-3.1-Centaur-70B-adapter.pth,,,,
Wu_spatial,wu2018generalisation_exp1,exp1,centaur_full_context_simulation,Centaur full-context simulation,309,,,,,2.506035089492798,,,,pth,original/results/custom_metrics_full_log_likelihoods_marcelbinz-Llama-3.1-Centaur-70B-adapter.pth,,,,
Wu_spatial,wu2018generalisation_exp1,exp1,centaur_full_context_simulation,Centaur full-context simulation,310,,,,,4.274163246154785,,,,pth,original/results/custom_metrics_full_log_likelihoods_marcelbinz-Llama-3.1-Centaur-70B-adapter.pth,,,,
Wu_spatial,wu2018generalisation_exp1,exp1,centaur_full_context_simulation,Centaur full-context simulation,311,,,,,1.596435785293579,,,,pth,original/results/custom_metrics_full_log_likelihoods_marcelbinz-Llama-3.1-Centaur-70B-adapter.pth,,,,
Wu_spatial,wu2018generalisation_exp1,exp1,centaur_full_context_simulation,Centaur full-context simulation,312,,,,,3.840481758117676,,,,pth,original/results/custom_metrics_full_log_likelihoods_marcelbinz-Llama-3.1-Centaur-70B-adapter.pth,,,,
Wu_spatial,wu2018generalisation_exp1,exp1,centaur_full_context_simulation,Centaur full-context simulation,313,,,,,2.440828323364258,,,,pth,original/results/custom_metrics_full_log_likelihoods_marcelbinz-Llama-3.1-Centaur-70B-adapter.pth,,,,
Wu_spatial,wu2018generalisation_exp1,exp1,centaur_full_context_simulation,Centaur full-context simulation,314,,,,,0.6445992588996887,,,,pth,original/results/custom_metrics_full_log_likelihoods_marcelbinz-Llama-3.1-Centaur-70B-adapter.pth,,,,
Wu_spatial,wu2018generalisation_exp1,exp1,centaur_full_context_simulation,Centaur full-context simulation,315,,,,,4.129181385040283,,,,pth,original/results/custom_metrics_full_log_likelihoods_marcelbinz-Llama-3.1-Centaur-70B-adapter.pth,,,,
Wu_spatial,wu2018generalisation_exp1,exp1,centaur_full_context_simulation,Centaur full-context simulation,316,,,,,2.6008176803588867,,,,pth,original/results/custom_metrics_full_log_likelihoods_marcelbinz-Llama-3.1-Centaur-70B-adapter.pth,,,,
Wu_spatial,wu2018generalisation_exp1,exp1,centaur_full_context_simulation,Centaur full-context simulation,317,,,,,0.08113835752010345,,,,pth,original/results/custom_metrics_full_log_likelihoods_marcelbinz-Llama-3.1-Centaur-70B-adapter.pth,,,,
Wu_spatial,wu2018generalisation_exp1,exp1,centaur_full_context_simulation,Centaur full-context simulation,318,,,,,0.9076388478279114,,,,pth,original/results/custom_metrics_full_log_likelihoods_marcelbinz-Llama-3.1-Centaur-70B-adapter.pth,,,,
Wu_spatial,wu2018generalisation_exp1,exp1,centaur_full_context_simulation,Centaur full-context simulation,319,,,,,4.14844274520874,,,,pth,original/results/custom_metrics_full_log_likelihoods_marcelbinz-Llama-3.1-Centaur-70B-adapter.pth,,,,
Wu_spatial,wu2018generalisation_exp1,exp1,centaur_full_context_simulation,Centaur full-context simulation,320,,,,,1.3464126586914062,,,,pth,original/results/custom_metrics_full_log_likelihoods_marcelbinz-Llama-3.1-Centaur-70B-adapter.pth,,,,
Wu_spatial,wu2018generalisation_exp1,exp1,centaur_full_context_simulation,Centaur full-context simulation,321,,,,,3.6894755363464355,,,,pth,original/results/custom_metrics_full_log_likelihoods_marcelbinz-Llama-3.1-Centaur-70B-adapter.pth,,,,
Wu_spatial,wu2018generalisation_exp1,exp1,centaur_full_context_simulation,Centaur full-context simulation,322,,,,,3.886622905731201,,,,pth,original/results/custom_metrics_full_log_likelihoods_marcelbinz-Llama-3.1-Centaur-70B-adapter.pth,,,,
Wu_spatial,wu2018generalisation_exp1,exp1,centaur_full_context_simulation,Centaur full-context simulation,323,,,,,0.37327250838279724,,,,pth,original/results/custom_metrics_full_log_likelihoods_marcelbinz-Llama-3.1-Centaur-70B-adapter.pth,,,,
Wu_spatial,wu2018generalisation_exp1,exp1,centaur_full_context_simulation,Centaur full-context simulation,324,,,,,1.5353754758834839,,,,pth,original/results/custom_metrics_full_log_likelihoods_marcelbinz-Llama-3.1-Centaur-70B-adapter.pth,,,,
Wu_spatial,wu2018generalisation_exp1,exp1,centaur_full_context_simulation,Centaur full-context simulation,325,,,,,2.0244932174682617,,,,pth,original/results/custom_metrics_full_log_likelihoods_marcelbinz-Llama-3.1-Centaur-70B-adapter.pth,,,,
Wu_spatial,wu2018generalisation_exp1,exp1,centaur_full_context_simulation,Centaur full-context simulation,326,,,,,0.641950249671936,,,,pth,original/results/custom_metrics_full_log_likelihoods_marcelbinz-Llama-3.1-Centaur-70B-adapter.pth,,,,
Wu_spatial,wu2018generalisation_exp1,exp1,centaur_full_context_simulation,Centaur full-context simulation,327,,,,,0.1712091863155365,,,,pth,original/results/custom_metrics_full_log_likelihoods_marcelbinz-Llama-3.1-Centaur-70B-adapter.pth,,,,
Wu_spatial,wu2018generalisation_exp1,exp1,centaur_full_context_simulation,Centaur full-context simulation,328,,,,,0.3256443440914154,,,,pth,original/results/custom_metrics_full_log_likelihoods_marcelbinz-Llama-3.1-Centaur-70B-adapter.pth,,,,
Wu_spatial,wu2018generalisation_exp1,exp1,centaur_full_context_simulation,Centaur full-context simulation,329,,,,,0.5807287096977234,,,,pth,original/results/custom_metrics_full_log_likelihoods_marcelbinz-Llama-3.1-Centaur-70B-adapter.pth,,,,
Wu_spatial,wu2018generalisation_exp1,exp1,centaur_full_context_simulation,Centaur full-context simulation,330,,,,,0.44169145822525024,,,,pth,original/results/custom_metrics_full_log_likelihoods_marcelbinz-Llama-3.1-Centaur-70B-adapter.pth,,,,
Wu_spatial,wu2018generalisation_exp1,exp1,centaur_full_context_simulation,Centaur full-context simulation,331,,,,,0.08821729570627213,,,,pth,original/results/custom_metrics_full_log_likelihoods_marcelbinz-Llama-3.1-Centaur-70B-adapter.pth,,,,
Wu_spatial,wu2018generalisation_exp1,exp1,centaur_full_context_simulation,Centaur full-context simulation,332,,,,,0.04439641535282135,,,,pth,original/results/custom_metrics_full_log_likelihoods_marcelbinz-Llama-3.1-Centaur-70B-adapter.pth,,,,
Wu_spatial,wu2018generalisation_exp1,exp1,centaur_full_context_simulation,Centaur full-context simulation,333,,,,,2.104403018951416,,,,pth,original/results/custom_metrics_full_log_likelihoods_marcelbinz-Llama-3.1-Centaur-70B-adapter.pth,,,,
Wu_spatial,wu2018generalisation_exp1,exp1,centaur_full_context_simulation,Centaur full-context simulation,334,,,,,3.554896354675293,,,,pth,original/results/custom_metrics_full_log_likelihoods_marcelbinz-Llama-3.1-Centaur-70B-adapter.pth,,,,
Wu_spatial,wu2018generalisation_exp1,exp1,centaur_full_context_simulation,Centaur full-context simulation,335,,,,,0.14897681772708893,,,,pth,original/results/custom_metrics_full_log_likelihoods_marcelbinz-Llama-3.1-Centaur-70B-adapter.pth,,,,
Wu_spatial,wu2018generalisation_exp1,exp1,centaur_full_context_simulation,Centaur full-context simulation,336,,,,,3.8449172973632812,,,,pth,original/results/custom_metrics_full_log_likelihoods_marcelbinz-Llama-3.1-Centaur-70B-adapter.pth,,,,
Wu_spatial,wu2018generalisation_exp1,exp1,centaur_full_context_simulation,Centaur full-context simulation,337,,,,,2.3008475303649902,,,,pth,original/results/custom_metrics_full_log_likelihoods_marcelbinz-Llama-3.1-Centaur-70B-adapter.pth,,,,
Wu_spatial,wu2018generalisation_exp1,exp1,centaur_full_context_simulation,Centaur full-context simulation,338,,,,,0.4896855652332306,,,,pth,original/results/custom_metrics_full_log_likelihoods_marcelbinz-Llama-3.1-Centaur-70B-adapter.pth,,,,
Wu_spatial,wu2018generalisation_exp1,exp1,centaur_full_context_simulation,Centaur full-context simulation,339,,,,,0.46984434127807617,,,,pth,original/results/custom_metrics_full_log_likelihoods_marcelbinz-Llama-3.1-Centaur-70B-adapter.pth,,,,
Wu_spatial,wu2018generalisation_exp1,exp1,centaur_full_context_simulation,Centaur full-context simulation,340,,,,,0.11582937836647034,,,,pth,original/results/custom_metrics_full_log_likelihoods_marcelbinz-Llama-3.1-Centaur-70B-adapter.pth,,,,
Wu_spatial,wu2018generalisation_exp1,exp1,centaur_full_context_simulation,Centaur full-context simulation,341,,,,,0.13437733054161072,,,,pth,original/results/custom_metrics_full_log_likelihoods_marcelbinz-Llama-3.1-Centaur-70B-adapter.pth,,,,
Wu_spatial,wu2018generalisation_exp1,exp1,centaur_full_context_simulation,Centaur full-context simulation,342,,,,,0.16739481687545776,,,,pth,original/results/custom_metrics_full_log_likelihoods_marcelbinz-Llama-3.1-Centaur-70B-adapter.pth,,,,
Wu_spatial,wu2018generalisation_exp1,exp1,centaur_full_context_simulation,Centaur full-context simulation,343,,,,,2.834500312805176,,,,pth,original/results/custom_metrics_full_log_likelihoods_marcelbinz-Llama-3.1-Centaur-70B-adapter.pth,,,,
Wu_spatial,wu2018generalisation_exp1,exp1,centaur_full_context_simulation,Centaur full-context simulation,344,,,,,2.4970192909240723,,,,pth,original/results/custom_metrics_full_log_likelihoods_marcelbinz-Llama-3.1-Centaur-70B-adapter.pth,,,,
Wu_spatial,wu2018generalisation_exp1,exp1,centaur_full_context_simulation,Centaur full-context simulation,345,,,,,2.2570605278015137,,,,pth,original/results/custom_metrics_full_log_likelihoods_marcelbinz-Llama-3.1-Centaur-70B-adapter.pth,,,,
Wu_spatial,wu2018generalisation_exp1,exp1,centaur_full_context_simulation,Centaur full-context simulation,346,,,,,0.5292245745658875,,,,pth,original/results/custom_metrics_full_log_likelihoods_marcelbinz-Llama-3.1-Centaur-70B-adapter.pth,,,,
Wu_spatial,wu2018generalisation_exp1,exp1,centaur_full_context_simulation,Centaur full-context simulation,347,,,,,0.1442272663116455,,,,pth,original/results/custom_metrics_full_log_likelihoods_marcelbinz-Llama-3.1-Centaur-70B-adapter.pth,,,,
Wu_spatial,wu2018generalisation_exp1,exp1,centaur_full_context_simulation,Centaur full-context simulation,348,,,,,0.06274311989545822,,,,pth,original/results/custom_metrics_full_log_likelihoods_marcelbinz-Llama-3.1-Centaur-70B-adapter.pth,,,,
Wu_spatial,wu2018generalisation_exp1,exp1,centaur_full_context_simulation,Centaur full-context simulation,349,,,,,3.0213611125946045,,,,pth,original/results/custom_metrics_full_log_likelihoods_marcelbinz-Llama-3.1-Centaur-70B-adapter.pth,,,,
Wu_spatial,wu2018generalisation_exp1,exp1,centaur_full_context_simulation,Centaur full-context simulation,350,,,,,2.0207648277282715,,,,pth,original/results/custom_metrics_full_log_likelihoods_marcelbinz-Llama-3.1-Centaur-70B-adapter.pth,,,,
Wu_spatial,wu2018generalisation_exp1,exp1,centaur_full_context_simulation,Centaur full-context simulation,351,,,,,0.5194721817970276,,,,pth,original/results/custom_metrics_full_log_likelihoods_marcelbinz-Llama-3.1-Centaur-70B-adapter.pth,,,,
Wu_spatial,wu2018generalisation_exp1,exp1,centaur_full_context_simulation,Centaur full-context simulation,352,,,,,0.1827792525291443,,,,pth,original/results/custom_metrics_full_log_likelihoods_marcelbinz-Llama-3.1-Centaur-70B-adapter.pth,,,,
Wu_spatial,wu2018generalisation_exp1,exp1,centaur_full_context_simulation,Centaur full-context simulation,353,,,,,0.709592878818512,,,,pth,original/results/custom_metrics_full_log_likelihoods_marcelbinz-Llama-3.1-Centaur-70B-adapter.pth,,,,
Wu_spatial,wu2018generalisation_exp1,exp1,centaur_full_context_simulation,Centaur full-context simulation,354,,,,,1.1525312662124634,,,,pth,original/results/custom_metrics_full_log_likelihoods_marcelbinz-Llama-3.1-Centaur-70B-adapter.pth,,,,
Wu_spatial,wu2018generalisation_exp1,exp1,centaur_full_context_simulation,Centaur full-context simulation,355,,,,,3.4935810565948486,,,,pth,original/results/custom_metrics_full_log_likelihoods_marcelbinz-Llama-3.1-Centaur-70B-adapter.pth,,,,
Wu_spatial,wu2018generalisation_exp1,exp1,centaur_full_context_simulation,Centaur full-context simulation,356,,,,,0.2216157466173172,,,,pth,original/results/custom_metrics_full_log_likelihoods_marcelbinz-Llama-3.1-Centaur-70B-adapter.pth,,,,
Wu_spatial,wu2018generalisation_exp1,exp1,centaur_full_context_simulation,Centaur full-context simulation,357,,,,,0.22313039004802704,,,,pth,original/results/custom_metrics_full_log_likelihoods_marcelbinz-Llama-3.1-Centaur-70B-adapter.pth,,,,
Wu_spatial,wu2018generalisation_exp1,exp1,centaur_full_context_simulation,Centaur full-context simulation,358,,,,,0.2412349134683609,,,,pth,original/results/custom_metrics_full_log_likelihoods_marcelbinz-Llama-3.1-Centaur-70B-adapter.pth,,,,
Wu_spatial,wu2018generalisation_exp1,exp1,centaur_full_context_simulation,Centaur full-context simulation,359,,,,,0.4164811372756958,,,,pth,original/results/custom_metrics_full_log_likelihoods_marcelbinz-Llama-3.1-Centaur-70B-adapter.pth,,,,
