{"metabench": {"acc,none": 0.6224153850218629, "acc_stderr,none": 0.016368421562007154, "alias": "metabench"}, "metabench_arc": {"alias": " - metabench_arc", "acc,none": 0.6896551724137931, "acc_stderr,none": 0.03855289616378949, "acc_norm,none": 0.7448275862068966, "acc_norm_stderr,none": 0.03632984052707842}, "metabench_gsm8k": {"alias": " - metabench_gsm8k", "exact_match,strict-match": 0.759493670886076, "exact_match_stderr,strict-match": 0.027820781981149675, "exact_match,flexible-extract": 0.759493670886076, "exact_match_stderr,flexible-extract": 0.027820781981149675}, "metabench_hellaswag": {"alias": " - metabench_hellaswag", "acc,none": 0.5161290322580645, "acc_stderr,none": 0.05210147439272567, "acc_norm,none": 0.7849462365591398, "acc_norm_stderr,none": 0.042835078355547535}, "metabench_mmlu": {"alias": " - metabench_mmlu", "acc,none": 0.84375, "acc_stderr,none": 0.03725247254245437}, "metabench_truthfulqa": {"alias": " - metabench_truthfulqa", "acc,none": 0.17532467532467533, "acc_stderr,none": 0.030740951540481013}, "metabench_winogrande": {"alias": " - metabench_winogrande", "acc,none": 0.8872180451127819, "acc_stderr,none": 0.027532650801261535}}