{"metabench": {"acc,none": 0.6386027185594687, "acc_stderr,none": 0.01728429558982042, "alias": "metabench"}, "metabench_arc": {"alias": " - metabench_arc", "acc,none": 0.6827586206896552, "acc_stderr,none": 0.03878352372138622, "acc_norm,none": 0.7379310344827587, "acc_norm_stderr,none": 0.03664666337225258}, "metabench_gsm8k": {"alias": " - metabench_gsm8k", "exact_match,strict-match": 0.7383966244725738, "exact_match_stderr,strict-match": 0.028609516716994934, "exact_match,flexible-extract": 0.7426160337552743, "exact_match_stderr,flexible-extract": 0.02845882099146029}, "metabench_hellaswag": {"alias": " - metabench_hellaswag", "acc,none": 0.5161290322580645, "acc_stderr,none": 0.05210147439272567, "acc_norm,none": 0.7956989247311828, "acc_norm_stderr,none": 0.04203545939892303}, "metabench_mmlu": {"alias": " - metabench_mmlu", "acc,none": 0.84375, "acc_stderr,none": 0.03725247254245437}, "metabench_truthfulqa": {"alias": " - metabench_truthfulqa", "acc,none": 0.2857142857142857, "acc_stderr,none": 0.03652214232606523}, "metabench_winogrande": {"alias": " - metabench_winogrande", "acc,none": 0.8646616541353384, "acc_stderr,none": 0.029774643218898812}}