,Unnamed: 0_x,task,/home/aih/marcel.binz/Centaur-3.1/1_finetuning/centaur2-final-llama/checkpoint-2000/,unsloth/Meta-Llama-3.1-70B-bnb-4bit,Unnamed: 0_y,baseline_nll,overfitted_nll,random_nll
0,0,Two-step task,0.5103256106376648,0.6253128051757812,0.0,0.6070368885993958,0.5913750529289246,0.6931471805599453
1,1,Maggie's farm,0.4165351688861847,0.6224088072776794,1.0,0.9811072945594788,0.5753656625747681,1.0986122886681098
2,0,Logical reasoning,1.6453335285186768,1.92205548286438,0.0,0.0,0.0,2.0149030205422647
